/*
 Navicat Premium Data Transfer

 Source Server         : localhost_3306
 Source Server Type    : MySQL
 Source Server Version : 50729
 Source Host           : localhost:3306
 Source Schema         : vue-blog

 Target Server Type    : MySQL
 Target Server Version : 50729
 File Encoding         : 65001

 Date: 23/10/2024 21:48:25
*/

SET NAMES utf8mb4;
SET FOREIGN_KEY_CHECKS = 0;

-- ----------------------------
-- Table structure for cms_blog
-- ----------------------------
DROP TABLE IF EXISTS `cms_blog`;
CREATE TABLE `cms_blog`  (
  `id` bigint(20) NOT NULL AUTO_INCREMENT COMMENT 'ID',
  `create_by` varchar(64) CHARACTER SET utf8mb4 COLLATE utf8mb4_general_ci NULL DEFAULT '' COMMENT '创建者',
  `create_time` datetime NULL DEFAULT NULL COMMENT '创建时间',
  `update_by` varchar(64) CHARACTER SET utf8mb4 COLLATE utf8mb4_general_ci NULL DEFAULT '' COMMENT '更新者',
  `update_time` datetime NULL DEFAULT NULL COMMENT '更新时间',
  `title` varchar(50) CHARACTER SET utf8mb4 COLLATE utf8mb4_general_ci NOT NULL COMMENT '标题',
  `type` char(1) CHARACTER SET utf8mb4 COLLATE utf8mb4_general_ci NOT NULL COMMENT '类型',
  `content_type` char(1) CHARACTER SET utf8mb4 COLLATE utf8mb4_general_ci NOT NULL COMMENT '文本编辑器类型',
  `content` longblob NULL COMMENT '内容',
  `content_markdown` longblob NULL COMMENT 'Markdown格式内容',
  `Top` char(1) CHARACTER SET utf8mb4 COLLATE utf8mb4_general_ci NULL DEFAULT '0' COMMENT '置顶（0否 1是）',
  `views` int(11) NULL DEFAULT 0 COMMENT '阅读',
  `status` char(1) CHARACTER SET utf8mb4 COLLATE utf8mb4_general_ci NULL DEFAULT '0' COMMENT '状态（0暂存 1发布）',
  `blog_pic_type` char(1) CHARACTER SET utf8mb4 COLLATE utf8mb4_general_ci NULL DEFAULT '0' COMMENT '首页图片类型（0地址 1上传）',
  `blog_pic` varchar(100) CHARACTER SET utf8mb4 COLLATE utf8mb4_general_ci NULL DEFAULT '' COMMENT '首页图片（ 1上传）',
  `blog_pic_link` varchar(100) CHARACTER SET utf8mb4 COLLATE utf8mb4_general_ci NULL DEFAULT '' COMMENT '首页图片（ 0地址）',
  `blog_desc` varchar(100) CHARACTER SET utf8mb4 COLLATE utf8mb4_general_ci NULL DEFAULT '' COMMENT '简介',
  `blog_files` text CHARACTER SET utf8mb4 COLLATE utf8mb4_general_ci NULL COMMENT '附件列表',
  PRIMARY KEY (`id`) USING BTREE
) ENGINE = InnoDB AUTO_INCREMENT = 40 CHARACTER SET = utf8mb4 COLLATE = utf8mb4_general_ci COMMENT = '博客信息表' ROW_FORMAT = DYNAMIC;

-- ----------------------------
-- Records of cms_blog
-- ----------------------------
INSERT INTO `cms_blog` VALUES (27, 'admin', '2024-10-20 22:05:16', '', '2024-10-23 21:39:50', 'java核心', '1', '1', 0x3C703E3C656D3E4A61766120E698AFE794B12053756E204D6963726F73797374656D7320E585ACE58FB8E4BA8E203139393520E5B9B4203520E69C88E68EA8E587BAE79A84E9AB98E7BAA7E7A88BE5BA8FE8AEBEE8AEA1E8AFADE8A880E380823C2F656D3E3C2F703E3C703E3C656D3E4A61766120E58FAFE8BF90E8A18CE4BA8EE5A49AE4B8AAE5B9B3E58FB0EFBC8CE5A6822057696E646F77732C204D6163204F5320E58F8AE585B6E4BB96E5A49AE7A78D20554E495820E78988E69CACE79A84E7B3BBE7BB9FE380823C2F656D3E3C2F703E3C703E3C656D3EE69CACE69599E7A88BE9809AE8BF87E7AE80E58D95E79A84E5AE9EE4BE8BE5B086E8AEA9E5A4A7E5AEB6E69BB4E5A5BDE79A84E4BA86E8A7A3204A61766120E7BC96E7A88BE8AFADE8A880E380823C2F656D3E3C2F703E3C703E3C7370616E20636C6173733D22716C2D637572736F72223EEFBBBF3C2F7370616E3E3C7374726F6E67207374796C653D22636F6C6F723A2072676228302C20302C2030293B223E7075626C69633C2F7374726F6E673E3C7370616E207374796C653D22636F6C6F723A2072676228302C20302C2030293B206261636B67726F756E642D636F6C6F723A20726762283234392C203234392C20323439293B223E266E6273703B3C2F7370616E3E3C7374726F6E67207374796C653D22636F6C6F723A2072676228302C20302C2030293B223E636C6173733C2F7374726F6E673E3C7370616E207374796C653D22636F6C6F723A2072676228302C20302C2030293B206261636B67726F756E642D636F6C6F723A20726762283234392C203234392C20323439293B223E266E6273703B48656C6C6F576F726C64266E6273703B3C2F7370616E3E3C7370616E207374796C653D22636F6C6F723A2072676228302C203135332C2030293B223E7B3C2F7370616E3E3C2F703E3C703E3C7370616E207374796C653D226261636B67726F756E642D636F6C6F723A20726762283234392C203234392C20323439293B20636F6C6F723A2072676228302C20302C2030293B223E266E6273703B266E6273703B266E6273703B3C2F7370616E3E3C7374726F6E67207374796C653D22636F6C6F723A2072676228302C20302C2030293B223E7075626C69633C2F7374726F6E673E3C7370616E207374796C653D22636F6C6F723A2072676228302C20302C2030293B206261636B67726F756E642D636F6C6F723A20726762283234392C203234392C20323439293B223E266E6273703B3C2F7370616E3E3C7374726F6E67207374796C653D22636F6C6F723A2072676228302C20302C2030293B223E7374617469633C2F7374726F6E673E3C7370616E207374796C653D22636F6C6F723A2072676228302C20302C2030293B206261636B67726F756E642D636F6C6F723A20726762283234392C203234392C20323439293B223E266E6273703B3C2F7370616E3E3C7374726F6E67207374796C653D22636F6C6F723A2072676228302C20302C20313032293B223E766F69643C2F7374726F6E673E3C7370616E207374796C653D22636F6C6F723A2072676228302C20302C2030293B206261636B67726F756E642D636F6C6F723A20726762283234392C203234392C20323439293B223E266E6273703B6D61696E3C2F7370616E3E3C7370616E207374796C653D22636F6C6F723A2072676228302C203135332C2030293B223E283C2F7370616E3E3C7370616E207374796C653D22636F6C6F723A2072676228302C2035312C20313533293B223E537472696E673C2F7370616E3E3C7370616E207374796C653D22636F6C6F723A2072676228302C203135332C2030293B223E5B5D3C2F7370616E3E3C7370616E207374796C653D22636F6C6F723A2072676228302C20302C2030293B206261636B67726F756E642D636F6C6F723A20726762283234392C203234392C20323439293B223E266E6273703B617267733C2F7370616E3E3C7370616E207374796C653D22636F6C6F723A2072676228302C203135332C2030293B223E293C2F7370616E3E3C7370616E207374796C653D22636F6C6F723A2072676228302C20302C2030293B206261636B67726F756E642D636F6C6F723A20726762283234392C203234392C20323439293B223E266E6273703B3C2F7370616E3E3C7370616E207374796C653D22636F6C6F723A2072676228302C203135332C2030293B223E7B3C2F7370616E3E3C2F703E3C703E3C7370616E207374796C653D226261636B67726F756E642D636F6C6F723A20726762283234392C203234392C20323439293B20636F6C6F723A2072676228302C20302C2030293B223E266E6273703B266E6273703B266E6273703B266E6273703B266E6273703B3C2F7370616E3E3C7370616E207374796C653D22636F6C6F723A2072676228302C2035312C20313533293B223E53797374656D3C2F7370616E3E3C7370616E207374796C653D22636F6C6F723A2072676228302C20302C2030293B206261636B67726F756E642D636F6C6F723A20726762283234392C203234392C20323439293B223E2E3C2F7370616E3E3C7370616E207374796C653D22636F6C6F723A2072676228302C203130322C203531293B223E6F75743C2F7370616E3E3C7370616E207374796C653D22636F6C6F723A2072676228302C20302C2030293B206261636B67726F756E642D636F6C6F723A20726762283234392C203234392C20323439293B223E2E3C2F7370616E3E3C7370616E207374796C653D22636F6C6F723A2072676228302C203130322C203531293B223E7072696E746C6E3C2F7370616E3E3C7370616E207374796C653D22636F6C6F723A2072676228302C203135332C2030293B223E283C2F7370616E3E3C7370616E207374796C653D22636F6C6F723A2072676228302C20302C20323535293B223E2248656C6C6F20576F726C64223C2F7370616E3E3C7370616E207374796C653D22636F6C6F723A2072676228302C203135332C2030293B223E293C2F7370616E3E3C7370616E207374796C653D22636F6C6F723A207267622835312C203135332C203531293B223E3B3C2F7370616E3E3C2F703E3C703E3C7370616E207374796C653D226261636B67726F756E642D636F6C6F723A20726762283234392C203234392C20323439293B20636F6C6F723A2072676228302C20302C2030293B223E266E6273703B266E6273703B266E6273703B3C2F7370616E3E3C7370616E207374796C653D22636F6C6F723A2072676228302C203135332C2030293B223E7D3C2F7370616E3E3C2F703E3C703E3C7370616E207374796C653D22636F6C6F723A2072676228302C203135332C2030293B223E7D3C2F7370616E3E3C2F703E3C703E3C62723E3C2F703E, NULL, '0', 3, '1', '0', '', 'https://th.bing.com/th/id/OIP.eyDmz1YRHm7J169TaPDj9wHaEK?w=329&h=184&c=7&r=0&o=5&pid=1.7', 'java核心三大件：继承-封装-多态\n', NULL);
INSERT INTO `cms_blog` VALUES (28, 'admin', '2024-10-20 22:16:31', '', '2024-10-21 03:32:40', 'python简单上手', '1', '1', 0x3C756C3E3C6C693E3C7374726F6E673E507974686F6E20E698AFE4B880E7A78DE8A7A3E9878AE59E8BE8AFADE8A880EFBC9A3C2F7374726F6E673E266E6273703BE8BF99E6848FE591B3E79D80E5BC80E58F91E8BF87E7A88BE4B8ADE6B2A1E69C89E4BA86E7BC96E8AF91E8BF99E4B8AAE78EAFE88A82E38082E7B1BBE4BCBCE4BA8E504850E5928C5065726CE8AFADE8A880E380823C2F6C693E3C6C693E3C7374726F6E673E507974686F6E20E698AFE4BAA4E4BA92E5BC8FE8AFADE8A880EFBC9A3C2F7374726F6E673E266E6273703BE8BF99E6848FE591B3E79D80EFBC8CE682A8E58FAFE4BBA5E59CA8E4B880E4B8AA20507974686F6E20E68F90E7A4BAE7ACA6266E6273703B3C7374726F6E67207374796C653D226261636B67726F756E642D636F6C6F723A20726762283233362C203233342C20323330293B223E2667743B2667743B2667743B3C2F7374726F6E673E266E6273703BE5908EE79BB4E68EA5E689A7E8A18CE4BBA3E7A081E380823C2F6C693E3C6C693E3C7374726F6E673E507974686F6E20E698AFE99DA2E59091E5AFB9E8B1A1E8AFADE8A8803A3C2F7374726F6E673E266E6273703BE8BF99E6848FE591B3E79D80507974686F6EE694AFE68C81E99DA2E59091E5AFB9E8B1A1E79A84E9A38EE6A0BCE68896E4BBA3E7A081E5B081E8A385E59CA8E5AFB9E8B1A1E79A84E7BC96E7A88BE68A80E69CAFE380823C2F6C693E3C6C693E3C7374726F6E673E507974686F6E20E698AFE5889DE5ADA6E88085E79A84E8AFADE8A880EFBC9A3C2F7374726F6E673E507974686F6E20E5AFB9E5889DE7BAA7E7A88BE5BA8FE59198E8808CE8A880EFBC8CE698AFE4B880E7A78DE4BC9FE5A4A7E79A84E8AFADE8A880EFBC8CE5AE83E694AFE68C81E5B9BFE6B39BE79A84E5BA94E794A8E7A88BE5BA8FE5BC80E58F91EFBC8CE4BB8EE7AE80E58D95E79A84E69687E5AD97E5A484E79086E588B02057575720E6B58FE8A788E599A8E5868DE588B0E6B8B8E6888FE380823C2F6C693E3C2F756C3E, NULL, '0', 1, '1', '0', '', 'https://tse3-mm.cn.bing.net/th/id/OIP-C.E4od0LKRNcYZ6ueDyfSqIQHaEK?rs=1&pid=ImgDetMain', 'Python 是一个高层次的结合了解释性、编译性、互动性和面向对象的脚本语言。', NULL);
INSERT INTO `cms_blog` VALUES (29, 'admin', '2024-10-20 22:18:00', '', '2024-10-21 03:32:43', 'Ui设计', '1', '1', 0x3C703E093C7370616E207374796C653D22636F6C6F723A207267622835312C2035312C203531293B223E5549E8AEBEE8AEA1EFBC88E68896E7A7B03C2F7370616E3E093C6120687265663D2268747470733A2F2F6261696B652E62616964752E636F6D2F6974656D2F2545372539352538432545392539442541322545382541452542452545382541452541312F323135353839363F66726F6D4D6F64756C653D6C656D6D615F696E6C696E6B222072656C3D226E6F6F70656E6572206E6F726566657272657222207461726765743D225F626C616E6B22207374796C653D22636F6C6F723A207267622831392C203131302C20313934293B223EE7958CE99DA2E8AEBEE8AEA13C2F613E093C7370616E207374796C653D22636F6C6F723A207267622835312C2035312C203531293B223EEFBC89E698AFE68C87E5AFB9E8BDAFE4BBB6E79A843C2F7370616E3E093C6120687265663D2268747470733A2F2F6261696B652E62616964752E636F6D2F6974656D2F2545342542412542412545362539432542412545342542412541342545342542412539322F36313331333F66726F6D4D6F64756C653D6C656D6D615F696E6C696E6B222072656C3D226E6F6F70656E6572206E6F726566657272657222207461726765743D225F626C616E6B22207374796C653D22636F6C6F723A207267622831392C203131302C20313934293B223EE4BABAE69CBAE4BAA4E4BA923C2F613E093C7370616E207374796C653D22636F6C6F723A207267622835312C2035312C203531293B223EE38081E6938DE4BD9CE980BBE8BE91E38081E7958CE99DA2E7BE8EE8A782E79A84E695B4E4BD93E8AEBEE8AEA1E380825549E8AEBEE8AEA1E58886E4B8BAE5AE9EE4BD935549E5928CE8999AE68B9F5549EFBC8CE4BA92E88194E7BD91E5B8B8E794A8E79A845549E8AEBEE8AEA1E698AFE8999AE68B9F5549EFBC8C3C2F7370616E3E093C6120687265663D2268747470733A2F2F6261696B652E62616964752E636F6D2F6974656D2F55492F3339333835313F66726F6D4D6F64756C653D6C656D6D615F696E6C696E6B222072656C3D226E6F6F70656E6572206E6F726566657272657222207461726765743D225F626C616E6B22207374796C653D22636F6C6F723A207267622831392C203131302C20313934293B223E55493C2F613E093C7370616E207374796C653D22636F6C6F723A207267622835312C2035312C203531293B223EE58DB35573657220496E74657266616365283C2F7370616E3E093C6120687265663D2268747470733A2F2F6261696B652E62616964752E636F6D2F6974656D2F2545372539342541382545362538382542372545372539352538432545392539442541322F363538323436313F66726F6D4D6F64756C653D6C656D6D615F696E6C696E6B222072656C3D226E6F6F70656E6572206E6F726566657272657222207461726765743D225F626C616E6B22207374796C653D22636F6C6F723A207267622831392C203131302C20313934293B223EE794A8E688B7E7958CE99DA23C2F613E093C7370616E207374796C653D22636F6C6F723A207267622835312C2035312C203531293B223E29E79A84E7AE80E7A7B0E380823C2F7370616E3E3C2F703E, NULL, '0', 2, '1', '0', '', 'https://tse2-mm.cn.bing.net/th/id/OIP-C.g3OPoiY2WYrwzOlU7AhhcAHaE8?rs=1&pid=ImgDetMain', 'ui设计', NULL);
INSERT INTO `cms_blog` VALUES (30, 'admin', '2024-10-20 22:22:35', '', '2024-10-23 15:49:28', 'springboot入门到实践', '1', '1', 0x3C703E093C7370616E207374796C653D22636F6C6F723A207267622835312C2035312C203531293B223E537072696E6720426F6F74E698AFE794B15069766F74616CE59BA2E9989FE68F90E4BE9BE79A84E585A8E696B03C2F7370616E3E093C7370616E207374796C653D22636F6C6F723A207267622835312C2035312C203531293B223EE6A186E69EB63C2F7370616E3E093C7370616E207374796C653D22636F6C6F723A207267622835312C2035312C203531293B223EEFBC8CE585B6E8AEBEE8AEA1E79BAEE79A84E698AFE794A8E69DA53C2F7370616E3E093C7370616E207374796C653D22636F6C6F723A207267622835312C2035312C203531293B223EE7AE80E58C963C2F7370616E3E093C7370616E207374796C653D22636F6C6F723A207267622835312C2035312C203531293B223EE696B03C2F7370616E3E093C6120687265663D2268747470733A2F2F6261696B652E62616964752E636F6D2F6974656D2F537072696E672F38353036313F66726F6D4D6F64756C653D6C656D6D615F696E6C696E6B222072656C3D226E6F6F70656E6572206E6F726566657272657222207461726765743D225F626C616E6B22207374796C653D22636F6C6F723A207267622831392C203131302C20313934293B223E537072696E673C2F613E093C7370616E207374796C653D22636F6C6F723A207267622835312C2035312C203531293B223EE5BA94E794A8E79A84E5889DE5A78BE690ADE5BBBAE4BBA5E58F8AE5BC80E58F91E8BF87E7A88BE38082E8AFA5E6A186E69EB6E4BDBFE794A8E4BA86E789B9E5AE9AE79A84E696B9E5BC8FE69DA5E8BF9BE8A18CE9858DE7BDAEEFBC8CE4BB8EE8808CE4BDBFE5BC80E58F91E4BABAE59198E4B88DE5868DE99C80E8A681E5AE9AE4B989E6A0B7E69DBFE58C96E79A84E9858DE7BDAEE38082E9809AE8BF87E8BF99E7A78DE696B9E5BC8FEFBC8C537072696E6720426F6F74E887B4E58A9BE4BA8EE59CA8E893ACE58B83E58F91E5B195E79A843C2F7370616E3E093C6120687265663D2268747470733A2F2F6261696B652E62616964752E636F6D2F6974656D2F2545352542462541422545392538302539462545352542412539342545372539342541382545352542432538302545352538462539312F3230363635333F66726F6D4D6F64756C653D6C656D6D615F696E6C696E6B222072656C3D226E6F6F70656E6572206E6F726566657272657222207461726765743D225F626C616E6B22207374796C653D22636F6C6F723A207267622831392C203131302C20313934293B223EE5BFABE9809FE5BA94E794A8E5BC80E58F913C2F613E093C7370616E207374796C653D22636F6C6F723A207267622835312C2035312C203531293B223EE9A286E59F9F287261706964206170706C69636174696F6E20646576656C6F706D656E7429E68890E4B8BAE9A286E5AFBCE88085E380823C2F7370616E3E093C7370616E207374796C653D22636F6C6F723A207267622835312C2035312C203531293B223E537072696E6720426F6F74E698AFE794B15069766F74616CE59BA2E9989FE68F90E4BE9BE79A84E585A8E696B03C2F7370616E3E093C7370616E207374796C653D22636F6C6F723A207267622835312C2035312C203531293B223EE6A186E69EB63C2F7370616E3E093C7370616E207374796C653D22636F6C6F723A207267622835312C2035312C203531293B223EEFBC8CE585B6E8AEBEE8AEA1E79BAEE79A84E698AFE794A8E69DA53C2F7370616E3E093C7370616E207374796C653D22636F6C6F723A207267622835312C2035312C203531293B223EE7AE80E58C963C2F7370616E3E093C7370616E207374796C653D22636F6C6F723A207267622835312C2035312C203531293B223EE696B03C2F7370616E3E093C6120687265663D2268747470733A2F2F6261696B652E62616964752E636F6D2F6974656D2F537072696E672F38353036313F66726F6D4D6F64756C653D6C656D6D615F696E6C696E6B222072656C3D226E6F6F70656E6572206E6F726566657272657222207461726765743D225F626C616E6B22207374796C653D22636F6C6F723A207267622831392C203131302C20313934293B223E537072696E673C2F613E093C7370616E207374796C653D22636F6C6F723A207267622835312C2035312C203531293B223EE5BA94E794A8E79A84E5889DE5A78BE690ADE5BBBAE4BBA5E58F8AE5BC80E58F91E8BF87E7A88BE38082E8AFA5E6A186E69EB6E4BDBFE794A8E4BA86E789B9E5AE9AE79A84E696B9E5BC8FE69DA5E8BF9BE8A18CE9858DE7BDAEEFBC8CE4BB8EE8808CE4BDBFE5BC80E58F91E4BABAE59198E4B88DE5868DE99C80E8A681E5AE9AE4B989E6A0B7E69DBFE58C96E79A84E9858DE7BDAEE38082E9809AE8BF87E8BF99E7A78DE696B9E5BC8FEFBC8C537072696E6720426F6F74E887B4E58A9BE4BA8EE59CA8E893ACE58B83E58F91E5B195E79A843C2F7370616E3E093C6120687265663D2268747470733A2F2F6261696B652E62616964752E636F6D2F6974656D2F2545352542462541422545392538302539462545352542412539342545372539342541382545352542432538302545352538462539312F3230363635333F66726F6D4D6F64756C653D6C656D6D615F696E6C696E6B222072656C3D226E6F6F70656E6572206E6F726566657272657222207461726765743D225F626C616E6B22207374796C653D22636F6C6F723A207267622831392C203131302C20313934293B223EE5BFABE9809FE5BA94E794A8E5BC80E58F913C2F613E093C7370616E207374796C653D22636F6C6F723A207267622835312C2035312C203531293B223EE9A286E59F9F287261706964206170706C69636174696F6E20646576656C6F706D656E7429E68890E4B8BAE9A286E5AFBCE88085E380823C2F7370616E3E3C2F703E, NULL, '0', 3, '1', '0', '', 'https://img1.baidu.com/it/u=2005271734,170553802&fm=253&fmt=auto&app=138&f=PNG?w=759&h=425', 'spring家族', NULL);
INSERT INTO `cms_blog` VALUES (31, 'admin', '2024-10-20 22:25:54', 'admin', '2024-10-21 03:32:47', '微服务', '1', '1', 0x3C703E093C7370616E207374796C653D22636F6C6F723A207267622835312C2035312C203531293B223EE5BEAEE69C8DE58AA1EFBC88E68896E7A7B0E5BEAEE69C8DE58AA1E69EB6E69E84EFBC89E698AFE4B880E7A78D3C2F7370616E3E093C6120687265663D2268747470733A2F2F6261696B652E62616964752E636F6D2F6974656D2F2545342542412539312545352538452539462545372539342539462F35333737303136363F66726F6D4D6F64756C653D6C656D6D615F696E6C696E6B222072656C3D226E6F6F70656E6572206E6F726566657272657222207461726765743D225F626C616E6B22207374796C653D22636F6C6F723A207267622831392C203131302C20313934293B223EE4BA91E58E9FE7949F3C2F613E093C7370616E207374796C653D22636F6C6F723A207267622835312C2035312C203531293B223EE69EB6E69E84E696B9E6B395EFBC8CE59CA8E58D95E4B8AAE5BA94E794A8E4B8ADE58C85E590ABE4BC97E5A49AE69DBEE695A3E880A6E59088E4B894E58FAFE58D95E78BACE983A8E7BDB2E79A84E5B08FE59E8B3C2F7370616E3E093C6120687265663D2268747470733A2F2F6261696B652E62616964752E636F6D2F6974656D2F2545372542422538342545342542422542362F363930323132383F66726F6D4D6F64756C653D6C656D6D615F696E6C696E6B222072656C3D226E6F6F70656E6572206E6F726566657272657222207461726765743D225F626C616E6B22207374796C653D22636F6C6F723A207267622831392C203131302C20313934293B223EE7BB84E4BBB63C2F613E093C7370616E207374796C653D22636F6C6F723A207267622835312C2035312C203531293B223EE68896E69C8DE58AA1E3808220E8BF99E4BA9BE69C8DE58AA1E9809AE5B8B8E68BA5E69C89E887AAE5B7B1E79A84E68A80E69CAFE6A088EFBC8CE58C85E68BACE695B0E68DAEE5BA93E5928C3C2F7370616E3E093C6120687265663D2268747470733A2F2F6261696B652E62616964752E636F6D2F6974656D2F2545362539352542302545362538442541452545372541452541312545372539302538362F3239353834343F66726F6D4D6F64756C653D6C656D6D615F696E6C696E6B222072656C3D226E6F6F70656E6572206E6F726566657272657222207461726765743D225F626C616E6B22207374796C653D22636F6C6F723A207267622831392C203131302C20313934293B223EE695B0E68DAEE7AEA1E790863C2F613E093C7370616E207374796C653D22636F6C6F723A207267622835312C2035312C203531293B223EE6A8A1E59E8BEFBC9BE9809AE8BF87E4B880E4B8AA3C2F7370616E3E093C6120687265663D2268747470733A2F2F6261696B652E62616964752E636F6D2F6974656D2F524553542F363333303530363F66726F6D4D6F64756C653D6C656D6D615F696E6C696E6B222072656C3D226E6F6F70656E6572206E6F726566657272657222207461726765743D225F626C616E6B22207374796C653D22636F6C6F723A207267622831392C203131302C20313934293B223E524553543C2F613E093C7370616E207374796C653D22636F6C6F723A207267622835312C2035312C203531293B223E266E6273703B3C2F7370616E3E093C6120687265663D2268747470733A2F2F6261696B652E62616964752E636F6D2F6974656D2F4150492F31303135343F66726F6D4D6F64756C653D6C656D6D615F696E6C696E6B222072656C3D226E6F6F70656E6572206E6F726566657272657222207461726765743D225F626C616E6B22207374796C653D22636F6C6F723A207267622831392C203131302C20313934293B223E4150493C2F613E093C7370616E207374796C653D22636F6C6F723A207267622835312C2035312C203531293B223EE38081E4BA8BE4BBB6E6B581E5928CE6B688E681AFE4BBA3E79086E7BB84E59088E5BDBCE6ADA4E9809AE4BFA1EFBC9BE4BBA5E58F8AE68C89E785A7E4B89AE58AA1E883BDE58A9BE8BF9BE8A18CE7BB84E7BB87EFBC8CE585B7E69C89E9809AE5B8B8E7A7B0E4B8BAE69C89E7958CE4B88AE4B88BE69687E79A84E69C8DE58AA1E58886E99A94E7BABFE380823C2F7370616E3E093C7370616E207374796C653D22636F6C6F723A207267622835312C203130322C20323034293B223E266E6273703B5B315D3C2F7370616E3E3C2F703E3C703EEFBBBF093C7370616E207374796C653D22636F6C6F723A207267622835312C2035312C203531293B223EE5BEAEE69C8DE58AA1E789B9E782B9E59CA8E4BA8E3C2F7370616E3E093C6120687265663D2268747470733A2F2F6261696B652E62616964752E636F6D2F6974656D2F2545342542422541332545372541302538312F38363034383F66726F6D4D6F64756C653D6C656D6D615F696E6C696E6B222072656C3D226E6F6F70656E6572206E6F726566657272657222207461726765743D225F626C616E6B22207374796C653D22636F6C6F723A207267622831392C203131302C20313934293B223EE4BBA3E7A0813C2F613E093C7370616E207374796C653D22636F6C6F723A207267622835312C2035312C203531293B223EE69BB4E5AEB9E69893E69BB4E696B0202D20E58FAFE4BBA5E79BB4E68EA5E6B7BBE58AA0E696B0E789B9E680A7E68896E58A9FE883BDEFBC8CE8808CE4B88DE5BF85E69BB4E696B0E695B4E4B8AAE5BA94E794A8EFBC8CE59BA2E9989FE58FAFE4BBA5E5AFB9E4B88DE5908CE79A84E7BB84E4BBB6E4BDBFE794A8E4B88DE5908CE79A843C2F7370616E3E093C6120687265663D2268747470733A2F2F6261696B652E62616964752E636F6D2F6974656D2F2545362538412538302545362539432541462545362541302538382F32303135323831373F66726F6D4D6F64756C653D6C656D6D615F696E6C696E6B222072656C3D226E6F6F70656E6572206E6F726566657272657222207461726765743D225F626C616E6B22207374796C653D22636F6C6F723A207267622831392C203131302C20313934293B223EE68A80E69CAFE6A0883C2F613E093C7370616E207374796C653D22636F6C6F723A207267622835312C2035312C203531293B223EE5928CE4B88DE5908CE79A843C2F7370616E3E093C6120687265663D2268747470733A2F2F6261696B652E62616964752E636F6D2F6974656D2F2545372542432539362545372541382538422545382541462541442545382541382538302F393834353133313F66726F6D4D6F64756C653D6C656D6D615F696E6C696E6B222072656C3D226E6F6F70656E6572206E6F726566657272657222207461726765743D225F626C616E6B22207374796C653D22636F6C6F723A207267622831392C203131302C20313934293B223EE7BC96E7A88BE8AFADE8A8803C2F613E093C7370616E207374796C653D22636F6C6F723A207267622835312C2035312C203531293B223EE38082E7BB84E4BBB6E58FAFE4BBA5E79BB8E4BA92E78BACE7AB8BE59CB0E689A9E5B195EFBC8CE4BB8EE8808CE5878FE5B091E4B88EE5BF85E9A1BBE689A9E5B195E695B4E4B8AAE5BA94E794A8E79BB8E585B3E79A84E6B5AAE8B4B9E5928CE68890E69CACEFBC88E59BA0E4B8BAE58D95E4B8AAE58A9FE883BDE58FAFE883BDE99DA2E4B8B4E8BF87E5A49AE79A84E8B49FE8BDBDEFBC89E380823C2F7370616E3E093C7370616E207374796C653D22636F6C6F723A207267622835312C203130322C20323034293B223E266E6273703B5B315D3C2F7370616E3E3C2F703E, NULL, '0', 2, '1', '0', '', 'https://img2.baidu.com/it/u=1373339024,1746312687&fm=253&fmt=auto&app=138&f=JPEG?w=751&h=269', '微服务（或称微服务架构）是一种云原生架构。', NULL);
INSERT INTO `cms_blog` VALUES (32, 'admin', '2024-10-20 22:30:09', '', '2024-10-21 03:32:32', 'HarmonOS', '1', '1', 0x3C703E3C7374726F6E67207374796C653D22636F6C6F723A20726762283130322C203130322C20313032293B206261636B67726F756E642D636F6C6F723A20726762612831362C203131302C203139302C20302E3138293B223EE58D8EE4B8BAE9B8BFE89299E7B3BBE7BB9FE698AFE4B880E6ACBEE585A8E696B0E79A84E99DA2E59091E585A8E59CBAE699AFE79A8420E58886E5B883E5BC8FE6938DE4BD9CE7B3BBE7BB9F3C2F7374726F6E673E3C7370616E207374796C653D22636F6C6F723A20726762283130322C203130322C20313032293B223EEFBC8CE5889BE980A0E4B880E4B8AAE8B685E7BAA720E8999AE68B9FE7BB88E7ABAF20E4BA92E88194E79A84E4B896E7958CEFBC8CE5B086E4BABAE38081E8AEBEE5A487E38081E59CBAE699AFE69C89E69CBAE59CB0E88194E7B3BBE59CA8E4B880E8B5B7EFBC8CE5B086E6B688E8B4B9E88085E59CA8E585A8E59CBAE699AFE7949FE6B4BBE4B8ADE68EA5E8A7A6E79A84E5A49AE7A78D20E699BAE883BDE7BB88E7ABAFEFBC8CE5AE9EE78EB0E69E81E9809FE58F91E78EB0E38081E69E81E9809FE8BF9EE68EA5E38081E7A1ACE4BBB6E4BA92E58AA9E3808120E8B584E6BA90E585B1E4BAABEFBC8CE794A8E59088E98082E79A84E8AEBEE5A487E68F90E4BE9BE59CBAE699AFE4BD93E9AA8CE380823C2F7370616E3E3C2F703E, NULL, '0', 1, '1', '0', '', 'https://tse3-mm.cn.bing.net/th/id/OIP-C.R6SvvWet47fnztOLem9WTAHaEn?rs=1&pid=ImgDetMain', 'HarmonOS生态圈全面开发', NULL);
INSERT INTO `cms_blog` VALUES (33, 'admin', '2024-10-20 22:32:12', '', '2024-10-23 21:44:07', '前端三剑客了解web', '1', '1', 0x3C703E093C7370616E207374796C653D22636F6C6F723A207267622835312C2035312C203531293B223E776562EFBC88576F726C64205769646520576562EFBC89E58DB3E585A8E790833C2F7370616E3E093C6120687265663D2268747470733A2F2F6261696B652E62616964752E636F6D2F6974656D2F2545352542392542462545352539462539462545372542442539312F3432323030343F66726F6D4D6F64756C653D6C656D6D615F696E6C696E6B222072656C3D226E6F6F70656E6572206E6F726566657272657222207461726765743D225F626C616E6B22207374796C653D22636F6C6F723A207267622831392C203131302C20313934293B223EE5B9BFE59F9FE7BD913C2F613E093C7370616E207374796C653D22636F6C6F723A207267622835312C2035312C203531293B223EEFBC8CE4B99FE7A7B0E4B8BA3C2F7370616E3E093C6120687265663D2268747470733A2F2F6261696B652E62616964752E636F6D2F6974656D2F2545342542382538372545372542422542342545372542442539312F3231353531353F66726F6D4D6F64756C653D6C656D6D615F696E6C696E6B222072656C3D226E6F6F70656E6572206E6F726566657272657222207461726765743D225F626C616E6B22207374796C653D22636F6C6F723A207267622831392C203131302C20313934293B223EE4B887E7BBB4E7BD913C2F613E093C7370616E207374796C653D22636F6C6F723A207267622835312C2035312C203531293B223EEFBC8CE5AE83E698AFE4B880E7A78DE59FBAE4BA8E3C2F7370616E3E093C6120687265663D2268747470733A2F2F6261696B652E62616964752E636F6D2F6974656D2F2545382542362538352545362539362538372545362539432541432F323833323432323F66726F6D4D6F64756C653D6C656D6D615F696E6C696E6B222072656C3D226E6F6F70656E6572206E6F726566657272657222207461726765743D225F626C616E6B22207374796C653D22636F6C6F723A207267622831392C203131302C20313934293B223EE8B685E69687E69CAC3C2F613E093C7370616E207374796C653D22636F6C6F723A207267622835312C2035312C203531293B223EE5928C3C2F7370616E3E093C6120687265663D2268747470733A2F2F6261696B652E62616964752E636F6D2F6974656D2F485454502F3234333037343F66726F6D4D6F64756C653D6C656D6D615F696E6C696E6B222072656C3D226E6F6F70656E6572206E6F726566657272657222207461726765743D225F626C616E6B22207374796C653D22636F6C6F723A207267622831392C203131302C20313934293B223E485454503C2F613E093C7370616E207374796C653D22636F6C6F723A207267622835312C2035312C203531293B223EE79A84E38081E585A8E79083E680A7E79A84E38081E58AA8E68081E4BAA4E4BA92E79A84E380813C2F7370616E3E093C6120687265663D2268747470733A2F2F6261696B652E62616964752E636F6D2F6974656D2F2545382542372541382545352542392542332545352538462542302F383535383930323F66726F6D4D6F64756C653D6C656D6D615F696E6C696E6B222072656C3D226E6F6F70656E6572206E6F726566657272657222207461726765743D225F626C616E6B22207374796C653D22636F6C6F723A207267622831392C203131302C20313934293B223EE8B7A8E5B9B3E58FB03C2F613E093C7370616E207374796C653D22636F6C6F723A207267622835312C2035312C203531293B223EE79A84E58886E5B883E5BC8FE59BBEE5BDA2E4BFA1E681AFE7B3BBE7BB9FE38082E698AFE5BBBAE7AB8BE59CA8496E7465726E6574E4B88AE79A84E4B880E7A78D3C2F7370616E3E093C6120687265663D2268747470733A2F2F6261696B652E62616964752E636F6D2F6974656D2F2545372542442539312545372542422539432545362539432538442545352538412541312F393439383634353F66726F6D4D6F64756C653D6C656D6D615F696E6C696E6B222072656C3D226E6F6F70656E6572206E6F726566657272657222207461726765743D225F626C616E6B22207374796C653D22636F6C6F723A207267622831392C203131302C20313934293B223EE7BD91E7BB9CE69C8DE58AA13C2F613E093C7370616E207374796C653D22636F6C6F723A207267622835312C2035312C203531293B223EEFBC8CE4B8BAE6B58FE8A788E88085E59CA8496E7465726E6574E4B88AE69FA5E689BEE5928CE6B58FE8A788E4BFA1E681AFE68F90E4BE9BE4BA86E59BBEE5BDA2E58C96E79A84E38081E69893E4BA8EE8AEBFE997AEE79A84E79BB4E8A782E7958CE99DA2EFBC8CE585B6E4B8ADE79A84E69687E6A1A3E58F8A3C2F7370616E3E093C6120687265663D2268747470733A2F2F6261696B652E62616964752E636F6D2F6974656D2F2545382542362538352545372542412541372545392539332542452545362538452541352F3331333132313F66726F6D4D6F64756C653D6C656D6D615F696E6C696E6B222072656C3D226E6F6F70656E6572206E6F726566657272657222207461726765743D225F626C616E6B22207374796C653D22636F6C6F723A207267622831392C203131302C20313934293B223EE8B685E7BAA7E993BEE68EA53C2F613E093C7370616E207374796C653D22636F6C6F723A207267622835312C2035312C203531293B223EE5B086496E7465726E6574E4B88AE79A84E4BFA1E681AFE88A82E782B9E7BB84E7BB87E68890E4B880E4B8AAE4BA92E4B8BAE585B3E88194E79A843C2F7370616E3E093C6120687265663D2268747470733A2F2F6261696B652E62616964752E636F6D2F6974656D2F2545372542442539312545372538412542362545372542422539332545362539452538342F353130363439323F66726F6D4D6F64756C653D6C656D6D615F696E6C696E6B222072656C3D226E6F6F70656E6572206E6F726566657272657222207461726765743D225F626C616E6B22207374796C653D22636F6C6F723A207267622831392C203131302C20313934293B223EE7BD91E78AB6E7BB93E69E843C2F613E093C7370616E207374796C653D22636F6C6F723A207267622835312C2035312C203531293B223EE380823C2F7370616E3E3C2F703E, NULL, '0', 9, '1', '0', '', 'https://hcnote.cn/wp-content/uploads/2023/09/31591fdf05205819.webp', 'web了解', NULL);
INSERT INTO `cms_blog` VALUES (34, 'admin', '2024-10-20 22:35:49', '', '2024-10-23 21:39:26', '安卓（Android）', '1', '1', 0x3C703E093C7370616E207374796C653D22636F6C6F723A207267622835312C2035312C203531293B223EE4B880E7A78DE59FBAE4BA8E3C2F7370616E3E093C6120687265663D2268747470733A2F2F6261696B652E62616964752E636F6D2F6974656D2F4C696E75782F32373035303F66726F6D4D6F64756C653D6C656D6D615F696E6C696E6B222072656C3D226E6F6F70656E6572206E6F726566657272657222207461726765743D225F626C616E6B22207374796C653D22636F6C6F723A207267622831392C203131302C20313934293B223E4C696E75783C2F613E093C7370616E207374796C653D22636F6C6F723A207267622835312C2035312C203531293B223EE58685E6A0B8EFBC88E4B88DE58C85E590AB3C2F7370616E3E093C6120687265663D2268747470733A2F2F6261696B652E62616964752E636F6D2F6974656D2F474E552F3637313937323F66726F6D4D6F64756C653D6C656D6D615F696E6C696E6B222072656C3D226E6F6F70656E6572206E6F726566657272657222207461726765743D225F626C616E6B22207374796C653D22636F6C6F723A207267622831392C203131302C20313934293B223E474E553C2F613E093C7370616E207374796C653D22636F6C6F723A207267622835312C2035312C203531293B223EE7BB84E4BBB6EFBC89E79A84E887AAE794B1E58F8A3C2F7370616E3E093C6120687265663D2268747470733A2F2F6261696B652E62616964752E636F6D2F6974656D2F2545352542432538302545362539342542452545362542412539302545342542422541332545372541302538312F3131343136303F66726F6D4D6F64756C653D6C656D6D615F696E6C696E6B222072656C3D226E6F6F70656E6572206E6F726566657272657222207461726765743D225F626C616E6B22207374796C653D22636F6C6F723A207267622831392C203131302C20313934293B223EE5BC80E694BEE6BA90E4BBA3E7A0813C2F613E093C7370616E207374796C653D22636F6C6F723A207267622835312C2035312C203531293B223EE79A84E7A7BBE58AA8E6938DE4BD9CE7B3BBE7BB9FE38082E4B8BBE8A681E5BA94E794A8E4BA8E3C2F7370616E3E093C6120687265663D2268747470733A2F2F6261696B652E62616964752E636F6D2F6974656D2F2545372541372542422545352538412541382545382541452542452545352541342538372F393135373735373F66726F6D4D6F64756C653D6C656D6D615F696E6C696E6B222072656C3D226E6F6F70656E6572206E6F726566657272657222207461726765743D225F626C616E6B22207374796C653D22636F6C6F723A207267622831392C203131302C20313934293B223EE7A7BBE58AA8E8AEBEE5A4873C2F613E093C7370616E207374796C653D22636F6C6F723A207267622835312C2035312C203531293B223EEFBC8CE5A6823C2F7370616E3E093C6120687265663D2268747470733A2F2F6261696B652E62616964752E636F6D2F6974656D2F2545362539392542412545382538332542442545362538392538422545362539432542412F39343339363F66726F6D4D6F64756C653D6C656D6D615F696E6C696E6B222072656C3D226E6F6F70656E6572206E6F726566657272657222207461726765743D225F626C616E6B22207374796C653D22636F6C6F723A207267622831392C203131302C20313934293B223EE699BAE883BDE6898BE69CBA3C2F613E093C7370616E207374796C653D22636F6C6F723A207267622835312C2035312C203531293B223EE5928C3C2F7370616E3E093C6120687265663D2268747470733A2F2F6261696B652E62616964752E636F6D2F6974656D2F2545352542392542332545362539442542462545372539342542352545382538342539312F313334383338393F66726F6D4D6F64756C653D6C656D6D615F696E6C696E6B222072656C3D226E6F6F70656E6572206E6F726566657272657222207461726765743D225F626C616E6B22207374796C653D22636F6C6F723A207267622831392C203131302C20313934293B223EE5B9B3E69DBFE794B5E884913C2F613E093C7370616E207374796C653D22636F6C6F723A207267622835312C2035312C203531293B223EEFBC8CE794B1E7BE8EE59BBD3C2F7370616E3E093C6120687265663D2268747470733A2F2F6261696B652E62616964752E636F6D2F6974656D2F476F6F676C652F38363936343F66726F6D4D6F64756C653D6C656D6D615F696E6C696E6B222072656C3D226E6F6F70656E6572206E6F726566657272657222207461726765743D225F626C616E6B22207374796C653D22636F6C6F723A207267622831392C203131302C20313934293B223E476F6F676C653C2F613E093C7370616E207374796C653D22636F6C6F723A207267622835312C2035312C203531293B223EE585ACE58FB8E5928C3C2F7370616E3E093C6120687265663D2268747470733A2F2F6261696B652E62616964752E636F6D2F6974656D2F2545352542432538302545362539342542452545362538392538422545362539432542412545382538312539342545372539422539462F393036343333383F66726F6D4D6F64756C653D6C656D6D615F696E6C696E6B222072656C3D226E6F6F70656E6572206E6F726566657272657222207461726765743D225F626C616E6B22207374796C653D22636F6C6F723A207267622831392C203131302C20313934293B223EE5BC80E694BEE6898BE69CBAE88194E79B9F3C2F613E093C7370616E207374796C653D22636F6C6F723A207267622835312C2035312C203531293B223EE9A286E5AFBCE58F8AE5BC80E58F91E38082416E64726F6964E6938DE4BD9CE7B3BBE7BB9FE69C80E5889DE794B13C2F7370616E3E093C6120687265663D2268747470733A2F2F6261696B652E62616964752E636F6D2F6974656D2F2545352541452538392545382542462541412543322542372545392542322538312545352541452542452F363331393333313F66726F6D4D6F64756C653D6C656D6D615F696E6C696E6B222072656C3D226E6F6F70656E6572206E6F726566657272657222207461726765743D225F626C616E6B22207374796C653D22636F6C6F723A207267622831392C203131302C20313934293B223EE5AE89E8BFAAC2B7E9B281E5AEBE3C2F613E093C7370616E207374796C653D22636F6C6F723A207267622835312C2035312C203531293B223EE5BC80E58F91EFBC8CE4B8BBE8A681E694AFE68C81E6898BE69CBAE3808232303035E5B9B438E69C88E794B13C2F7370616E3E093C6120687265663D2268747470733A2F2F6261696B652E62616964752E636F6D2F6974656D2F476F6F676C652F38363936343F66726F6D4D6F64756C653D6C656D6D615F696E6C696E6B222072656C3D226E6F6F70656E6572206E6F726566657272657222207461726765743D225F626C616E6B22207374796C653D22636F6C6F723A207267622831392C203131302C20313934293B223E476F6F676C653C2F613E093C7370616E207374796C653D22636F6C6F723A207267622835312C2035312C203531293B223EE694B6E8B4ADE6B3A8E8B584E3808232303037E5B9B43131E69C88EFBC8C476F6F676C65E4B88E3834E5AEB6E7A1ACE4BBB6E588B6E980A0E59586E38081E8BDAFE4BBB6E5BC80E58F91E59586E58F8AE794B5E4BFA1E890A5E8BF90E59586E7BB84E5BBBAE5BC80E694BEE6898BE69CBAE88194E79B9FE585B1E5908CE7A094E58F91E694B9E889AF416E64726F6964E7B3BBE7BB9FE38082E99A8FE5908E3C2F7370616E3E093C6120687265663D2268747470733A2F2F6261696B652E62616964752E636F6D2F6974656D2F476F6F676C652F38363936343F66726F6D4D6F64756C653D6C656D6D615F696E6C696E6B222072656C3D226E6F6F70656E6572206E6F726566657272657222207461726765743D225F626C616E6B22207374796C653D22636F6C6F723A207267622831392C203131302C20313934293B223E476F6F676C653C2F613E093C7370616E207374796C653D22636F6C6F723A207267622835312C2035312C203531293B223EE4BBA53C2F7370616E3E093C6120687265663D2268747470733A2F2F6261696B652E62616964752E636F6D2F6974656D2F4170616368652F363236353F66726F6D4D6F64756C653D6C656D6D615F696E6C696E6B222072656C3D226E6F6F70656E6572206E6F726566657272657222207461726765743D225F626C616E6B22207374796C653D22636F6C6F723A207267622831392C203131302C20313934293B223E4170616368653C2F613E093C6120687265663D2268747470733A2F2F6261696B652E62616964752E636F6D2F6974656D2F2545352542432538302545362542412539302545382541452542382545352538462541462545382541462538312F333236343034373F66726F6D4D6F64756C653D6C656D6D615F696E6C696E6B222072656C3D226E6F6F70656E6572206E6F726566657272657222207461726765743D225F626C616E6B22207374796C653D22636F6C6F723A207267622831392C203131302C20313934293B223EE5BC80E6BA90E8AEB8E58FAFE8AF813C2F613E093C7370616E207374796C653D22636F6C6F723A207267622835312C2035312C203531293B223EE79A84E68E88E69D83E696B9E5BC8FEFBC8CE58F91E5B883E4BA86416E64726F6964E79A843C2F7370616E3E093C6120687265663D2268747470733A2F2F6261696B652E62616964752E636F6D2F6974656D2F2545362542412539302545342542422541332545372541302538312F333936393F66726F6D4D6F64756C653D6C656D6D615F696E6C696E6B222072656C3D226E6F6F70656E6572206E6F726566657272657222207461726765743D225F626C616E6B22207374796C653D22636F6C6F723A207267622831392C203131302C20313934293B223EE6BA90E4BBA3E7A0813C2F613E093C7370616E207374796C653D22636F6C6F723A207267622835312C2035312C203531293B223EE38082E7ACACE4B880E983A8416E64726F6964E699BAE883BDE6898BE69CBAE58F91E5B883E4BA8E32303038E5B9B43130E69C88E38082416E64726F6964E98090E6B890E689A9E5B195E588B0E5B9B3E69DBFE794B5E88491E58F8AE585B6E4BB96E9A286E59F9FE4B88AEFBC8CE5A682E794B5E8A786E380813C2F7370616E3E093C6120687265663D2268747470733A2F2F6261696B652E62616964752E636F6D2F6974656D2F2545362539352542302545372541302538312545372539422542382545362539432542412F3237373437323F66726F6D4D6F64756C653D6C656D6D615F696E6C696E6B222072656C3D226E6F6F70656E6572206E6F726566657272657222207461726765743D225F626C616E6B22207374796C653D22636F6C6F723A207267622831392C203131302C20313934293B223EE695B0E7A081E79BB8E69CBA3C2F613E093C7370616E207374796C653D22636F6C6F723A207267622835312C2035312C203531293B223EE38081E6B8B8E6888FE69CBAE380813C2F7370616E3E093C6120687265663D2268747470733A2F2F6261696B652E62616964752E636F6D2F6974656D2F2545362539392542412545382538332542442545362538392538422545382541312541382F37313037303F66726F6D4D6F64756C653D6C656D6D615F696E6C696E6B222072656C3D226E6F6F70656E6572206E6F726566657272657222207461726765743D225F626C616E6B22207374796C653D22636F6C6F723A207267622831392C203131302C20313934293B223EE699BAE883BDE6898BE8A1A83C2F613E093C7370616E207374796C653D22636F6C6F723A207267622835312C2035312C203531293B223EE7AD89E3808232303131E5B9B4E7ACACE4B880E5ADA3E5BAA6EFBC8C416E64726F6964E59CA8E585A8E79083E79A843C2F7370616E3E093C6120687265663D2268747470733A2F2F6261696B652E62616964752E636F6D2F6974656D2F2545352542382538322545352539432542412545342542422542442545392541322539442F373032363133343F66726F6D4D6F64756C653D6C656D6D615F696E6C696E6B222072656C3D226E6F6F70656E6572206E6F726566657272657222207461726765743D225F626C616E6B22207374796C653D22636F6C6F723A207267622831392C203131302C20313934293B223EE5B882E59CBAE4BBBDE9A29D3C2F613E093C7370616E207374796C653D22636F6C6F723A207267622835312C2035312C203531293B223EE9A696E6ACA1E8B685E8BF873C2F7370616E3E093C6120687265663D2268747470733A2F2F6261696B652E62616964752E636F6D2F6974656D2F2545352541312539452545372538462541442545372542332542422545372542422539462F383530363737373F66726F6D4D6F64756C653D6C656D6D615F696E6C696E6B222072656C3D226E6F6F70656E6572206E6F726566657272657222207461726765743D225F626C616E6B22207374796C653D22636F6C6F723A207267622831392C203131302C20313934293B223EE5A19EE78FADE7B3BBE7BB9F3C2F613E093C7370616E207374796C653D22636F6C6F723A207267622835312C2035312C203531293B223EEFBC8CE8B783E5B185E585A8E79083E7ACACE4B880E380822032303133E5B9B4E79A84E7ACACE59B9BE5ADA3E5BAA6EFBC8C416E64726F6964E5B9B3E58FB0E6898BE69CBAE79A84E585A8E79083E5B882E59CBAE4BBBDE9A29DE5B7B2E7BB8FE8BEBEE588B037382E3125E3808232303133E5B9B439E69C883234E697A53C2F7370616E3E093C6120687265663D2268747470733A2F2F6261696B652E62616964752E636F6D2F6974656D2F2545382542302542372545362541442538432F3131373932303F66726F6D4D6F64756C653D6C656D6D615F696E6C696E6B222072656C3D226E6F6F70656E6572206E6F726566657272657222207461726765743D225F626C616E6B22207374796C653D22636F6C6F723A207267622831392C203131302C20313934293B223EE8B0B7E6AD8C3C2F613E093C7370616E207374796C653D22636F6C6F723A207267622835312C2035312C203531293B223EE5BC80E58F91E79A843C2F7370616E3E093C6120687265663D2268747470733A2F2F6261696B652E62616964752E636F6D2F6974656D2F2545362539332538442545342542442539432545372542332542422545372542422539462F3139323F66726F6D4D6F64756C653D6C656D6D615F696E6C696E6B222072656C3D226E6F6F70656E6572206E6F726566657272657222207461726765743D225F626C616E6B22207374796C653D22636F6C6F723A207267622831392C203131302C20313934293B223EE6938DE4BD9CE7B3BBE7BB9F3C2F613E093C7370616E207374796C653D22636F6C6F723A207267622835312C2035312C203531293B223E416E64726F6964E59CA8E8BF8EE69DA5E4BA8635E5B281E7949FE697A5EFBC8CE585A8E4B896E7958CE98787E794A8E8BF99E6ACBEE7B3BBE7BB9FE79A84E8AEBEE5A487E695B0E9878FE5B7B2E7BB8FE8BEBEE588B03130E4BABFE58FB0E380823C2F7370616E3E093C7370616E207374796C653D22636F6C6F723A207267622835312C2035312C203531293B223E32303137E5B9B433E69C88EFBC8CE794B1E4BA8EE5B58CE585A5E5BC8FE8AEBEE5A487E5928CE6898BE69CBAE79A84E4BDBFE794A8E9878FE9A399E58D87EFBC8CE59CA8E585A8E983A8E4B88AE7BD91E8AEBEE5A487E4B8ADEFBC8C416E64726F696420E79A84E5B882E59CBAE4BBBDE9A29DE4B8BA2033372E393325EFBC8CE58DA0E68DAEE4BA86E7ACACE4B880E79A84E5B882E59CBAE4BBBDE9A29DE380823C2F7370616E3E3C2F703E, NULL, '0', 18, '1', '0', '', 'https://tse1-mm.cn.bing.net/th/id/OIP-C.lxxtmFT6vtuEjADkbDFa5QHaEa?rs=1&pid=ImgDetMain', '安卓开发', NULL);
INSERT INTO `cms_blog` VALUES (35, 'admin', '2024-10-21 03:38:19', '', NULL, '个人Blog在2024年10月1号确定计划了', '2', '1', 0x3C703EE6ACA2E8BF8EE59084E4BD8D7570E69DA5E58F82E8A7823C2F703E, NULL, '0', 0, '1', '0', '', '', '', NULL);
INSERT INTO `cms_blog` VALUES (36, 'admin', '2024-10-21 03:39:47', '', NULL, '系统于2024年10月21日凌晨3点40分维护完成！！！！', '2', '1', 0x3C703EE7B3BBE7BB9FE58A9FE883BDE8BF98E5BE85E5AE8CE596843C2F703E, NULL, '0', 0, '1', '0', '', '', '', NULL);
INSERT INTO `cms_blog` VALUES (39, 'admin', '2024-10-23 21:43:35', '', NULL, 'java怎么学', '1', '1', 0x3C703EE5A5BDE5A5BDE5ADA63C2F703E, NULL, '0', 0, '1', '0', '', 'https://tse4-mm.cn.bing.net/th/id/OIP-C.n8pa_ux7uUyU9CJrzb1scAHaHa?rs=1&pid=ImgDetMain', '', NULL);

-- ----------------------------
-- Table structure for cms_blog_file
-- ----------------------------
DROP TABLE IF EXISTS `cms_blog_file`;
CREATE TABLE `cms_blog_file`  (
  `file_id` bigint(20) NOT NULL COMMENT '文件ID',
  `blog_id` bigint(20) NOT NULL COMMENT 'blogID',
  PRIMARY KEY (`file_id`, `blog_id`) USING BTREE
) ENGINE = InnoDB CHARACTER SET = utf8mb4 COLLATE = utf8mb4_general_ci COMMENT = 'blog文件表' ROW_FORMAT = DYNAMIC;

-- ----------------------------
-- Records of cms_blog_file
-- ----------------------------
INSERT INTO `cms_blog_file` VALUES (33, 17);
INSERT INTO `cms_blog_file` VALUES (34, 17);
INSERT INTO `cms_blog_file` VALUES (36, 17);
INSERT INTO `cms_blog_file` VALUES (37, 17);

-- ----------------------------
-- Table structure for cms_blog_tag
-- ----------------------------
DROP TABLE IF EXISTS `cms_blog_tag`;
CREATE TABLE `cms_blog_tag`  (
  `tag_id` bigint(20) NOT NULL COMMENT '标签ID',
  `blog_id` bigint(20) NOT NULL COMMENT 'blogID',
  PRIMARY KEY (`tag_id`, `blog_id`) USING BTREE
) ENGINE = InnoDB CHARACTER SET = utf8mb4 COLLATE = utf8mb4_general_ci COMMENT = 'blog标签关联表' ROW_FORMAT = DYNAMIC;

-- ----------------------------
-- Records of cms_blog_tag
-- ----------------------------
INSERT INTO `cms_blog_tag` VALUES (27, 33);
INSERT INTO `cms_blog_tag` VALUES (28, 27);
INSERT INTO `cms_blog_tag` VALUES (28, 30);
INSERT INTO `cms_blog_tag` VALUES (28, 39);
INSERT INTO `cms_blog_tag` VALUES (29, 32);
INSERT INTO `cms_blog_tag` VALUES (29, 34);
INSERT INTO `cms_blog_tag` VALUES (30, 31);
INSERT INTO `cms_blog_tag` VALUES (31, 29);
INSERT INTO `cms_blog_tag` VALUES (32, 34);
INSERT INTO `cms_blog_tag` VALUES (33, 30);
INSERT INTO `cms_blog_tag` VALUES (34, 30);
INSERT INTO `cms_blog_tag` VALUES (35, 28);

-- ----------------------------
-- Table structure for cms_blog_type
-- ----------------------------
DROP TABLE IF EXISTS `cms_blog_type`;
CREATE TABLE `cms_blog_type`  (
  `type_id` bigint(20) NOT NULL COMMENT '类型ID',
  `blog_id` bigint(20) NOT NULL COMMENT 'blogID',
  PRIMARY KEY (`type_id`, `blog_id`) USING BTREE
) ENGINE = InnoDB CHARACTER SET = utf8mb4 COLLATE = utf8mb4_general_ci COMMENT = 'blog分类关联表' ROW_FORMAT = DYNAMIC;

-- ----------------------------
-- Records of cms_blog_type
-- ----------------------------
INSERT INTO `cms_blog_type` VALUES (10, 7);
INSERT INTO `cms_blog_type` VALUES (10, 22);
INSERT INTO `cms_blog_type` VALUES (11, 16);
INSERT INTO `cms_blog_type` VALUES (11, 22);
INSERT INTO `cms_blog_type` VALUES (13, 7);
INSERT INTO `cms_blog_type` VALUES (13, 22);
INSERT INTO `cms_blog_type` VALUES (14, 19);
INSERT INTO `cms_blog_type` VALUES (14, 22);
INSERT INTO `cms_blog_type` VALUES (15, 22);
INSERT INTO `cms_blog_type` VALUES (16, 22);
INSERT INTO `cms_blog_type` VALUES (18, 34);
INSERT INTO `cms_blog_type` VALUES (19, 33);
INSERT INTO `cms_blog_type` VALUES (20, 32);
INSERT INTO `cms_blog_type` VALUES (21, 27);
INSERT INTO `cms_blog_type` VALUES (21, 39);
INSERT INTO `cms_blog_type` VALUES (22, 30);
INSERT INTO `cms_blog_type` VALUES (23, 29);
INSERT INTO `cms_blog_type` VALUES (24, 28);
INSERT INTO `cms_blog_type` VALUES (25, 31);

-- ----------------------------
-- Table structure for cms_comment
-- ----------------------------
DROP TABLE IF EXISTS `cms_comment`;
CREATE TABLE `cms_comment`  (
  `id` bigint(20) NOT NULL AUTO_INCREMENT COMMENT 'ID',
  `parent_id` bigint(20) NULL DEFAULT NULL COMMENT '父评论id',
  `main_id` bigint(20) NULL DEFAULT NULL COMMENT '主评论id(第一级评论)',
  `like_num` int(11) NULL DEFAULT NULL COMMENT '点赞数量',
  `content` varchar(255) CHARACTER SET utf8mb4 COLLATE utf8mb4_general_ci NULL DEFAULT NULL COMMENT '内容',
  `type` char(1) CHARACTER SET utf8mb4 COLLATE utf8mb4_general_ci NULL DEFAULT NULL COMMENT '评论类型：对人评论，对项目评论，对资源评论',
  `blog_id` bigint(20) NULL DEFAULT NULL COMMENT '被评论者id，可以是人、项目、资源',
  `del_flag` char(1) CHARACTER SET utf8mb4 COLLATE utf8mb4_general_ci NULL DEFAULT '0' COMMENT '删除标志（0代表存在 1代表删除）',
  `user_id` bigint(20) NULL DEFAULT NULL COMMENT '评论者id',
  `create_by` varchar(64) CHARACTER SET utf8mb4 COLLATE utf8mb4_general_ci NULL DEFAULT '' COMMENT '创建者',
  `create_time` datetime NULL DEFAULT NULL COMMENT '创建时间',
  `update_by` varchar(64) CHARACTER SET utf8mb4 COLLATE utf8mb4_general_ci NULL DEFAULT '' COMMENT '更新者',
  `update_time` datetime NULL DEFAULT NULL COMMENT '更新时间',
  PRIMARY KEY (`id`) USING BTREE
) ENGINE = InnoDB AUTO_INCREMENT = 13 CHARACTER SET = utf8mb4 COLLATE = utf8mb4_general_ci COMMENT = '评论表' ROW_FORMAT = DYNAMIC;

-- ----------------------------
-- Records of cms_comment
-- ----------------------------
INSERT INTO `cms_comment` VALUES (6, NULL, NULL, NULL, '努力学习安卓', '0', 34, '0', 1, 'admin', '2024-10-22 02:12:43', '', NULL);
INSERT INTO `cms_comment` VALUES (7, NULL, NULL, NULL, '区区剑客拿捏', '0', 33, '0', 1, 'admin', '2024-10-22 02:13:15', '', NULL);
INSERT INTO `cms_comment` VALUES (8, NULL, NULL, NULL, '小小安卓拿捏', '0', 34, '0', NULL, '匿名用户', '2024-10-22 02:13:47', '', NULL);
INSERT INTO `cms_comment` VALUES (9, NULL, NULL, NULL, '安卓启蒙老师范威灵', '0', 34, '0', 3, 'lz', '2024-10-22 02:14:40', '', NULL);
INSERT INTO `cms_comment` VALUES (10, NULL, NULL, NULL, 'hello?', '0', 34, '0', 1, 'admin', '2024-10-23 15:45:59', '', NULL);
INSERT INTO `cms_comment` VALUES (11, NULL, NULL, NULL, '你好？', '0', 34, '0', NULL, '匿名用户', '2024-10-23 21:25:12', '', NULL);
INSERT INTO `cms_comment` VALUES (12, NULL, NULL, NULL, '前端简单', '0', 33, '1', NULL, '匿名用户', '2024-10-23 21:39:20', '', NULL);

-- ----------------------------
-- Table structure for cms_comment_like
-- ----------------------------
DROP TABLE IF EXISTS `cms_comment_like`;
CREATE TABLE `cms_comment_like`  (
  `comment_id` bigint(20) NOT NULL COMMENT '点赞评论ID',
  `user_id` bigint(20) NOT NULL COMMENT '用户ID',
  `create_by` varchar(64) CHARACTER SET utf8mb4 COLLATE utf8mb4_general_ci NULL DEFAULT '' COMMENT '创建者',
  `create_time` datetime NULL DEFAULT NULL COMMENT '创建时间',
  `update_by` varchar(64) CHARACTER SET utf8mb4 COLLATE utf8mb4_general_ci NULL DEFAULT '' COMMENT '更新者',
  `update_time` datetime NULL DEFAULT NULL COMMENT '更新时间',
  PRIMARY KEY (`comment_id`, `user_id`) USING BTREE
) ENGINE = InnoDB CHARACTER SET = utf8mb4 COLLATE = utf8mb4_general_ci COMMENT = '评论点赞表' ROW_FORMAT = DYNAMIC;

-- ----------------------------
-- Records of cms_comment_like
-- ----------------------------

-- ----------------------------
-- Table structure for cms_message
-- ----------------------------
DROP TABLE IF EXISTS `cms_message`;
CREATE TABLE `cms_message`  (
  `id` bigint(20) NOT NULL AUTO_INCREMENT COMMENT 'ID',
  `parent_id` bigint(20) NULL DEFAULT NULL COMMENT '父留言id',
  `main_id` bigint(20) NULL DEFAULT NULL COMMENT '主留言id(第一级留言)',
  `like_num` int(11) NULL DEFAULT NULL COMMENT '点赞数量',
  `content` varchar(255) CHARACTER SET utf8mb4 COLLATE utf8mb4_general_ci NULL DEFAULT NULL COMMENT '内容',
  `type` char(1) CHARACTER SET utf8mb4 COLLATE utf8mb4_general_ci NULL DEFAULT NULL COMMENT '留言类型：对人评论，对项目评论，对资源评论（0代表留言 1代表回复）',
  `blog_id` bigint(20) NULL DEFAULT NULL COMMENT '被留言者id，可以是人、项目、资源',
  `del_flag` char(1) CHARACTER SET utf8mb4 COLLATE utf8mb4_general_ci NULL DEFAULT '0' COMMENT '删除标志（0代表存在 1代表删除）',
  `user_id` bigint(20) NULL DEFAULT NULL COMMENT '留言者id',
  `create_by` varchar(64) CHARACTER SET utf8mb4 COLLATE utf8mb4_general_ci NULL DEFAULT '' COMMENT '创建者',
  `create_time` datetime NULL DEFAULT NULL COMMENT '创建时间',
  `update_by` varchar(64) CHARACTER SET utf8mb4 COLLATE utf8mb4_general_ci NULL DEFAULT '' COMMENT '更新者',
  `update_time` datetime NULL DEFAULT NULL COMMENT '更新时间',
  PRIMARY KEY (`id`) USING BTREE
) ENGINE = InnoDB AUTO_INCREMENT = 59 CHARACTER SET = utf8mb4 COLLATE = utf8mb4_general_ci COMMENT = '论坛表' ROW_FORMAT = DYNAMIC;

-- ----------------------------
-- Records of cms_message
-- ----------------------------
INSERT INTO `cms_message` VALUES (55, NULL, NULL, 1, '我发布一个问题哈 小庄帅 还是啊昌帅😏', '0', NULL, '0', 1, 'admin', '2024-10-21 03:40:44', '', NULL);
INSERT INTO `cms_message` VALUES (56, 55, 55, NULL, '包是小庄帅啊 啊昌算个棒槌', '1', NULL, '0', 3, 'lz', '2024-10-21 03:42:27', '', NULL);
INSERT INTO `cms_message` VALUES (57, 56, 55, NULL, '这个话我无法反驳', '1', NULL, '0', NULL, '匿名用户', '2024-10-21 03:42:59', '', NULL);
INSERT INTO `cms_message` VALUES (58, 57, 55, NULL, '给你点赞', '1', NULL, '0', 1, 'admin', '2024-10-23 15:46:51', '', NULL);

-- ----------------------------
-- Table structure for cms_message_like
-- ----------------------------
DROP TABLE IF EXISTS `cms_message_like`;
CREATE TABLE `cms_message_like`  (
  `message_id` bigint(20) NOT NULL COMMENT '点赞留言ID',
  `user_id` bigint(20) NOT NULL COMMENT '用户ID',
  `create_by` varchar(64) CHARACTER SET utf8mb4 COLLATE utf8mb4_general_ci NULL DEFAULT '' COMMENT '创建者',
  `create_time` datetime NULL DEFAULT NULL COMMENT '创建时间',
  `update_by` varchar(64) CHARACTER SET utf8mb4 COLLATE utf8mb4_general_ci NULL DEFAULT '' COMMENT '更新者',
  `update_time` datetime NULL DEFAULT NULL COMMENT '更新时间',
  PRIMARY KEY (`message_id`, `user_id`) USING BTREE
) ENGINE = InnoDB CHARACTER SET = utf8mb4 COLLATE = utf8mb4_general_ci COMMENT = '论坛点赞表' ROW_FORMAT = DYNAMIC;

-- ----------------------------
-- Records of cms_message_like
-- ----------------------------

-- ----------------------------
-- Table structure for cms_tag
-- ----------------------------
DROP TABLE IF EXISTS `cms_tag`;
CREATE TABLE `cms_tag`  (
  `tag_id` bigint(20) NOT NULL AUTO_INCREMENT COMMENT '标签ID',
  `create_by` varchar(64) CHARACTER SET utf8mb4 COLLATE utf8mb4_general_ci NULL DEFAULT '' COMMENT '创建者',
  `create_time` datetime NULL DEFAULT NULL COMMENT '创建时间',
  `update_by` varchar(64) CHARACTER SET utf8mb4 COLLATE utf8mb4_general_ci NULL DEFAULT '' COMMENT '更新者',
  `update_time` datetime NULL DEFAULT NULL COMMENT '更新时间',
  `tag_name` varchar(50) CHARACTER SET utf8mb4 COLLATE utf8mb4_general_ci NOT NULL COMMENT '标签名称',
  PRIMARY KEY (`tag_id`) USING BTREE
) ENGINE = InnoDB AUTO_INCREMENT = 36 CHARACTER SET = utf8mb4 COLLATE = utf8mb4_general_ci COMMENT = '标签信息表' ROW_FORMAT = DYNAMIC;

-- ----------------------------
-- Records of cms_tag
-- ----------------------------
INSERT INTO `cms_tag` VALUES (27, 'admin', '2024-10-20 21:11:28', '', NULL, '前端');
INSERT INTO `cms_tag` VALUES (28, 'admin', '2024-10-20 21:11:41', '', NULL, '后端');
INSERT INTO `cms_tag` VALUES (29, 'admin', '2024-10-20 21:11:49', '', NULL, '移动端');
INSERT INTO `cms_tag` VALUES (30, 'admin', '2024-10-20 21:12:01', '', NULL, '微服务');
INSERT INTO `cms_tag` VALUES (31, 'admin', '2024-10-20 21:12:08', '', NULL, 'UI');
INSERT INTO `cms_tag` VALUES (32, 'admin', '2024-10-20 21:12:21', '', NULL, 'App(小程序)');
INSERT INTO `cms_tag` VALUES (33, 'admin', '2024-10-20 21:12:31', '', NULL, 'spring');
INSERT INTO `cms_tag` VALUES (34, 'admin', '2024-10-20 21:12:39', '', NULL, 'springboot');
INSERT INTO `cms_tag` VALUES (35, 'admin', '2024-10-20 22:05:44', '', NULL, 'python');

-- ----------------------------
-- Table structure for cms_type
-- ----------------------------
DROP TABLE IF EXISTS `cms_type`;
CREATE TABLE `cms_type`  (
  `type_id` bigint(20) NOT NULL AUTO_INCREMENT COMMENT '分类ID',
  `create_by` varchar(64) CHARACTER SET utf8mb4 COLLATE utf8mb4_general_ci NULL DEFAULT '' COMMENT '创建者',
  `create_time` datetime NULL DEFAULT NULL COMMENT '创建时间',
  `update_by` varchar(64) CHARACTER SET utf8mb4 COLLATE utf8mb4_general_ci NULL DEFAULT '' COMMENT '更新者',
  `update_time` datetime NULL DEFAULT NULL COMMENT '更新时间',
  `type_name` varchar(50) CHARACTER SET utf8mb4 COLLATE utf8mb4_general_ci NOT NULL COMMENT '分类名称',
  `type_pic` varchar(100) CHARACTER SET utf8mb4 COLLATE utf8mb4_general_ci NULL DEFAULT '' COMMENT '分类图像（ 1上传）',
  `type_pic_type` char(1) CHARACTER SET utf8mb4 COLLATE utf8mb4_general_ci NULL DEFAULT '0' COMMENT '分类图像类型（0地址 1上传）',
  `type_pic_link` varchar(100) CHARACTER SET utf8mb4 COLLATE utf8mb4_general_ci NULL DEFAULT '' COMMENT '分类图像（ 0地址）',
  PRIMARY KEY (`type_id`) USING BTREE
) ENGINE = InnoDB AUTO_INCREMENT = 26 CHARACTER SET = utf8mb4 COLLATE = utf8mb4_general_ci COMMENT = '分类信息表' ROW_FORMAT = DYNAMIC;

-- ----------------------------
-- Records of cms_type
-- ----------------------------
INSERT INTO `cms_type` VALUES (18, 'admin', '2024-10-20 21:07:00', '', NULL, 'android', '', '0', 'https://th.bing.com/th/id/OIP.v3nlTitYKRgpPL-rSZOZ9AHaGr?w=196&h=180&c=7&r=0&o=5&dpr=1.3&pid=1.7');
INSERT INTO `cms_type` VALUES (19, 'admin', '2024-10-20 21:07:33', '', NULL, 'web', '', '0', 'https://th.bing.com/th/id/OIP.o-ku95LZMrMjj2eiPsR7aQHaEB?w=327&h=180&c=7&r=0&o=5&dpr=1.3&pid=1.7');
INSERT INTO `cms_type` VALUES (20, 'admin', '2024-10-20 21:08:16', '', NULL, 'HarmonyOS', '', '0', 'https://th.bing.com/th/id/OIP.vftxoqwPVVT9_4A3V-gzrwHaEK?w=317&h=180&c=7&r=0&o=5&dpr=1.3&pid=1.7');
INSERT INTO `cms_type` VALUES (21, 'admin', '2024-10-20 21:08:40', '', NULL, 'java', '', '0', 'https://th.bing.com/th/id/OIP.n8pa_ux7uUyU9CJrzb1scAHaHa?w=186&h=186&c=7&r=0&o=5&dpr=1.3&pid=1.7');
INSERT INTO `cms_type` VALUES (22, 'admin', '2024-10-20 21:09:09', '', NULL, 'springboot', '', '0', 'https://th.bing.com/th/id/OIP.HxZRd4XW8gG3LjIAiNpvJgHaDL?w=330&h=150&c=7&r=0&o=5&dpr=1.3&pid=1.7');
INSERT INTO `cms_type` VALUES (23, 'admin', '2024-10-20 21:10:51', '', NULL, 'app', '', '0', 'https://th.bing.com/th/id/OIP.VMYbC65X24UnOdY3xca2cwHaHa?rs=1&pid=ImgDetMain');
INSERT INTO `cms_type` VALUES (24, 'admin', '2024-10-20 22:07:29', '', NULL, 'python', '', '0', 'https://tse1-mm.cn.bing.net/th/id/OIP-C.NcoWxTfDKNryzaO2QiYrOQHaHa?rs=1&pid=ImgDetMain');
INSERT INTO `cms_type` VALUES (25, 'admin', '2024-10-20 22:26:46', '', NULL, 'SOA', '', '0', 'https://img1.baidu.com/it/u=1704028195,278565181&fm=253&fmt=auto&app=138&f=JPEG?w=563&h=456');

-- ----------------------------
-- Table structure for gen_table
-- ----------------------------
DROP TABLE IF EXISTS `gen_table`;
CREATE TABLE `gen_table`  (
  `table_id` bigint(20) NOT NULL AUTO_INCREMENT COMMENT '编号',
  `table_name` varchar(200) CHARACTER SET utf8mb4 COLLATE utf8mb4_general_ci NULL DEFAULT '' COMMENT '表名称',
  `table_comment` varchar(500) CHARACTER SET utf8mb4 COLLATE utf8mb4_general_ci NULL DEFAULT '' COMMENT '表描述',
  `sub_table_name` varchar(64) CHARACTER SET utf8mb4 COLLATE utf8mb4_general_ci NULL DEFAULT NULL COMMENT '关联子表的表名',
  `sub_table_fk_name` varchar(64) CHARACTER SET utf8mb4 COLLATE utf8mb4_general_ci NULL DEFAULT NULL COMMENT '子表关联的外键名',
  `class_name` varchar(100) CHARACTER SET utf8mb4 COLLATE utf8mb4_general_ci NULL DEFAULT '' COMMENT '实体类名称',
  `tpl_category` varchar(200) CHARACTER SET utf8mb4 COLLATE utf8mb4_general_ci NULL DEFAULT 'crud' COMMENT '使用的模板（crud单表操作 tree树表操作）',
  `package_name` varchar(100) CHARACTER SET utf8mb4 COLLATE utf8mb4_general_ci NULL DEFAULT NULL COMMENT '生成包路径',
  `module_name` varchar(30) CHARACTER SET utf8mb4 COLLATE utf8mb4_general_ci NULL DEFAULT NULL COMMENT '生成模块名',
  `business_name` varchar(30) CHARACTER SET utf8mb4 COLLATE utf8mb4_general_ci NULL DEFAULT NULL COMMENT '生成业务名',
  `function_name` varchar(50) CHARACTER SET utf8mb4 COLLATE utf8mb4_general_ci NULL DEFAULT NULL COMMENT '生成功能名',
  `function_author` varchar(50) CHARACTER SET utf8mb4 COLLATE utf8mb4_general_ci NULL DEFAULT NULL COMMENT '生成功能作者',
  `gen_type` char(1) CHARACTER SET utf8mb4 COLLATE utf8mb4_general_ci NULL DEFAULT '0' COMMENT '生成代码方式（0zip压缩包 1自定义路径）',
  `gen_path` varchar(200) CHARACTER SET utf8mb4 COLLATE utf8mb4_general_ci NULL DEFAULT '/' COMMENT '生成路径（不填默认项目路径）',
  `options` varchar(1000) CHARACTER SET utf8mb4 COLLATE utf8mb4_general_ci NULL DEFAULT NULL COMMENT '其它生成选项',
  `create_by` varchar(64) CHARACTER SET utf8mb4 COLLATE utf8mb4_general_ci NULL DEFAULT '' COMMENT '创建者',
  `create_time` datetime NULL DEFAULT NULL COMMENT '创建时间',
  `update_by` varchar(64) CHARACTER SET utf8mb4 COLLATE utf8mb4_general_ci NULL DEFAULT '' COMMENT '更新者',
  `update_time` datetime NULL DEFAULT NULL COMMENT '更新时间',
  `remark` varchar(500) CHARACTER SET utf8mb4 COLLATE utf8mb4_general_ci NULL DEFAULT NULL COMMENT '备注',
  PRIMARY KEY (`table_id`) USING BTREE
) ENGINE = InnoDB AUTO_INCREMENT = 12 CHARACTER SET = utf8mb4 COLLATE = utf8mb4_general_ci COMMENT = '代码生成业务表' ROW_FORMAT = DYNAMIC;

-- ----------------------------
-- Records of gen_table
-- ----------------------------

-- ----------------------------
-- Table structure for gen_table_column
-- ----------------------------
DROP TABLE IF EXISTS `gen_table_column`;
CREATE TABLE `gen_table_column`  (
  `column_id` bigint(20) NOT NULL AUTO_INCREMENT COMMENT '编号',
  `table_id` varchar(64) CHARACTER SET utf8mb4 COLLATE utf8mb4_general_ci NULL DEFAULT NULL COMMENT '归属表编号',
  `column_name` varchar(200) CHARACTER SET utf8mb4 COLLATE utf8mb4_general_ci NULL DEFAULT NULL COMMENT '列名称',
  `column_comment` varchar(500) CHARACTER SET utf8mb4 COLLATE utf8mb4_general_ci NULL DEFAULT NULL COMMENT '列描述',
  `column_type` varchar(100) CHARACTER SET utf8mb4 COLLATE utf8mb4_general_ci NULL DEFAULT NULL COMMENT '列类型',
  `java_type` varchar(500) CHARACTER SET utf8mb4 COLLATE utf8mb4_general_ci NULL DEFAULT NULL COMMENT 'JAVA类型',
  `java_field` varchar(200) CHARACTER SET utf8mb4 COLLATE utf8mb4_general_ci NULL DEFAULT NULL COMMENT 'JAVA字段名',
  `is_pk` char(1) CHARACTER SET utf8mb4 COLLATE utf8mb4_general_ci NULL DEFAULT NULL COMMENT '是否主键（1是）',
  `is_increment` char(1) CHARACTER SET utf8mb4 COLLATE utf8mb4_general_ci NULL DEFAULT NULL COMMENT '是否自增（1是）',
  `is_required` char(1) CHARACTER SET utf8mb4 COLLATE utf8mb4_general_ci NULL DEFAULT NULL COMMENT '是否必填（1是）',
  `is_insert` char(1) CHARACTER SET utf8mb4 COLLATE utf8mb4_general_ci NULL DEFAULT NULL COMMENT '是否为插入字段（1是）',
  `is_edit` char(1) CHARACTER SET utf8mb4 COLLATE utf8mb4_general_ci NULL DEFAULT NULL COMMENT '是否编辑字段（1是）',
  `is_list` char(1) CHARACTER SET utf8mb4 COLLATE utf8mb4_general_ci NULL DEFAULT NULL COMMENT '是否列表字段（1是）',
  `is_query` char(1) CHARACTER SET utf8mb4 COLLATE utf8mb4_general_ci NULL DEFAULT NULL COMMENT '是否查询字段（1是）',
  `query_type` varchar(200) CHARACTER SET utf8mb4 COLLATE utf8mb4_general_ci NULL DEFAULT 'EQ' COMMENT '查询方式（等于、不等于、大于、小于、范围）',
  `html_type` varchar(200) CHARACTER SET utf8mb4 COLLATE utf8mb4_general_ci NULL DEFAULT NULL COMMENT '显示类型（文本框、文本域、下拉框、复选框、单选框、日期控件）',
  `dict_type` varchar(200) CHARACTER SET utf8mb4 COLLATE utf8mb4_general_ci NULL DEFAULT '' COMMENT '字典类型',
  `sort` int(11) NULL DEFAULT NULL COMMENT '排序',
  `create_by` varchar(64) CHARACTER SET utf8mb4 COLLATE utf8mb4_general_ci NULL DEFAULT '' COMMENT '创建者',
  `create_time` datetime NULL DEFAULT NULL COMMENT '创建时间',
  `update_by` varchar(64) CHARACTER SET utf8mb4 COLLATE utf8mb4_general_ci NULL DEFAULT '' COMMENT '更新者',
  `update_time` datetime NULL DEFAULT NULL COMMENT '更新时间',
  PRIMARY KEY (`column_id`) USING BTREE
) ENGINE = InnoDB AUTO_INCREMENT = 111 CHARACTER SET = utf8mb4 COLLATE = utf8mb4_general_ci COMMENT = '代码生成业务表字段' ROW_FORMAT = DYNAMIC;

-- ----------------------------
-- Records of gen_table_column
-- ----------------------------

-- ----------------------------
-- Table structure for qrtz_blob_triggers
-- ----------------------------
DROP TABLE IF EXISTS `qrtz_blob_triggers`;
CREATE TABLE `qrtz_blob_triggers`  (
  `sched_name` varchar(120) CHARACTER SET utf8mb4 COLLATE utf8mb4_general_ci NOT NULL COMMENT '调度名称',
  `trigger_name` varchar(200) CHARACTER SET utf8mb4 COLLATE utf8mb4_general_ci NOT NULL COMMENT 'qrtz_triggers表trigger_name的外键',
  `trigger_group` varchar(200) CHARACTER SET utf8mb4 COLLATE utf8mb4_general_ci NOT NULL COMMENT 'qrtz_triggers表trigger_group的外键',
  `blob_data` blob NULL COMMENT '存放持久化Trigger对象',
  PRIMARY KEY (`sched_name`, `trigger_name`, `trigger_group`) USING BTREE,
  CONSTRAINT `QRTZ_BLOB_TRIGGERS_IBFK_1` FOREIGN KEY (`sched_name`, `trigger_name`, `trigger_group`) REFERENCES `qrtz_triggers` (`sched_name`, `trigger_name`, `trigger_group`) ON DELETE RESTRICT ON UPDATE RESTRICT
) ENGINE = InnoDB CHARACTER SET = utf8mb4 COLLATE = utf8mb4_general_ci COMMENT = 'Blob类型的触发器表' ROW_FORMAT = DYNAMIC;

-- ----------------------------
-- Records of qrtz_blob_triggers
-- ----------------------------

-- ----------------------------
-- Table structure for qrtz_calendars
-- ----------------------------
DROP TABLE IF EXISTS `qrtz_calendars`;
CREATE TABLE `qrtz_calendars`  (
  `sched_name` varchar(120) CHARACTER SET utf8mb4 COLLATE utf8mb4_general_ci NOT NULL COMMENT '调度名称',
  `calendar_name` varchar(200) CHARACTER SET utf8mb4 COLLATE utf8mb4_general_ci NOT NULL COMMENT '日历名称',
  `calendar` blob NOT NULL COMMENT '存放持久化calendar对象',
  PRIMARY KEY (`sched_name`, `calendar_name`) USING BTREE
) ENGINE = InnoDB CHARACTER SET = utf8mb4 COLLATE = utf8mb4_general_ci COMMENT = '日历信息表' ROW_FORMAT = DYNAMIC;

-- ----------------------------
-- Records of qrtz_calendars
-- ----------------------------

-- ----------------------------
-- Table structure for qrtz_cron_triggers
-- ----------------------------
DROP TABLE IF EXISTS `qrtz_cron_triggers`;
CREATE TABLE `qrtz_cron_triggers`  (
  `sched_name` varchar(120) CHARACTER SET utf8mb4 COLLATE utf8mb4_general_ci NOT NULL COMMENT '调度名称',
  `trigger_name` varchar(200) CHARACTER SET utf8mb4 COLLATE utf8mb4_general_ci NOT NULL COMMENT 'qrtz_triggers表trigger_name的外键',
  `trigger_group` varchar(200) CHARACTER SET utf8mb4 COLLATE utf8mb4_general_ci NOT NULL COMMENT 'qrtz_triggers表trigger_group的外键',
  `cron_expression` varchar(200) CHARACTER SET utf8mb4 COLLATE utf8mb4_general_ci NOT NULL COMMENT 'cron表达式',
  `time_zone_id` varchar(80) CHARACTER SET utf8mb4 COLLATE utf8mb4_general_ci NULL DEFAULT NULL COMMENT '时区',
  PRIMARY KEY (`sched_name`, `trigger_name`, `trigger_group`) USING BTREE,
  CONSTRAINT `QRTZ_CRON_TRIGGERS_IBFK_1` FOREIGN KEY (`sched_name`, `trigger_name`, `trigger_group`) REFERENCES `qrtz_triggers` (`sched_name`, `trigger_name`, `trigger_group`) ON DELETE RESTRICT ON UPDATE RESTRICT
) ENGINE = InnoDB CHARACTER SET = utf8mb4 COLLATE = utf8mb4_general_ci COMMENT = 'Cron类型的触发器表' ROW_FORMAT = DYNAMIC;

-- ----------------------------
-- Records of qrtz_cron_triggers
-- ----------------------------
INSERT INTO `qrtz_cron_triggers` VALUES ('RuoyiScheduler', 'TASK_CLASS_NAME1', 'DEFAULT', '0/10 * * * * ?', 'Asia/Shanghai');
INSERT INTO `qrtz_cron_triggers` VALUES ('RuoyiScheduler', 'TASK_CLASS_NAME2', 'DEFAULT', '0/15 * * * * ?', 'Asia/Shanghai');
INSERT INTO `qrtz_cron_triggers` VALUES ('RuoyiScheduler', 'TASK_CLASS_NAME3', 'DEFAULT', '0/20 * * * * ?', 'Asia/Shanghai');

-- ----------------------------
-- Table structure for qrtz_fired_triggers
-- ----------------------------
DROP TABLE IF EXISTS `qrtz_fired_triggers`;
CREATE TABLE `qrtz_fired_triggers`  (
  `sched_name` varchar(120) CHARACTER SET utf8mb4 COLLATE utf8mb4_general_ci NOT NULL COMMENT '调度名称',
  `entry_id` varchar(95) CHARACTER SET utf8mb4 COLLATE utf8mb4_general_ci NOT NULL COMMENT '调度器实例id',
  `trigger_name` varchar(200) CHARACTER SET utf8mb4 COLLATE utf8mb4_general_ci NOT NULL COMMENT 'qrtz_triggers表trigger_name的外键',
  `trigger_group` varchar(200) CHARACTER SET utf8mb4 COLLATE utf8mb4_general_ci NOT NULL COMMENT 'qrtz_triggers表trigger_group的外键',
  `instance_name` varchar(200) CHARACTER SET utf8mb4 COLLATE utf8mb4_general_ci NOT NULL COMMENT '调度器实例名',
  `fired_time` bigint(13) NOT NULL COMMENT '触发的时间',
  `sched_time` bigint(13) NOT NULL COMMENT '定时器制定的时间',
  `priority` int(11) NOT NULL COMMENT '优先级',
  `state` varchar(16) CHARACTER SET utf8mb4 COLLATE utf8mb4_general_ci NOT NULL COMMENT '状态',
  `job_name` varchar(200) CHARACTER SET utf8mb4 COLLATE utf8mb4_general_ci NULL DEFAULT NULL COMMENT '任务名称',
  `job_group` varchar(200) CHARACTER SET utf8mb4 COLLATE utf8mb4_general_ci NULL DEFAULT NULL COMMENT '任务组名',
  `is_nonconcurrent` varchar(1) CHARACTER SET utf8mb4 COLLATE utf8mb4_general_ci NULL DEFAULT NULL COMMENT '是否并发',
  `requests_recovery` varchar(1) CHARACTER SET utf8mb4 COLLATE utf8mb4_general_ci NULL DEFAULT NULL COMMENT '是否接受恢复执行',
  PRIMARY KEY (`sched_name`, `entry_id`) USING BTREE
) ENGINE = InnoDB CHARACTER SET = utf8mb4 COLLATE = utf8mb4_general_ci COMMENT = '已触发的触发器表' ROW_FORMAT = DYNAMIC;

-- ----------------------------
-- Records of qrtz_fired_triggers
-- ----------------------------

-- ----------------------------
-- Table structure for qrtz_job_details
-- ----------------------------
DROP TABLE IF EXISTS `qrtz_job_details`;
CREATE TABLE `qrtz_job_details`  (
  `sched_name` varchar(120) CHARACTER SET utf8mb4 COLLATE utf8mb4_general_ci NOT NULL COMMENT '调度名称',
  `job_name` varchar(200) CHARACTER SET utf8mb4 COLLATE utf8mb4_general_ci NOT NULL COMMENT '任务名称',
  `job_group` varchar(200) CHARACTER SET utf8mb4 COLLATE utf8mb4_general_ci NOT NULL COMMENT '任务组名',
  `description` varchar(250) CHARACTER SET utf8mb4 COLLATE utf8mb4_general_ci NULL DEFAULT NULL COMMENT '相关介绍',
  `job_class_name` varchar(250) CHARACTER SET utf8mb4 COLLATE utf8mb4_general_ci NOT NULL COMMENT '执行任务类名称',
  `is_durable` varchar(1) CHARACTER SET utf8mb4 COLLATE utf8mb4_general_ci NOT NULL COMMENT '是否持久化',
  `is_nonconcurrent` varchar(1) CHARACTER SET utf8mb4 COLLATE utf8mb4_general_ci NOT NULL COMMENT '是否并发',
  `is_update_data` varchar(1) CHARACTER SET utf8mb4 COLLATE utf8mb4_general_ci NOT NULL COMMENT '是否更新数据',
  `requests_recovery` varchar(1) CHARACTER SET utf8mb4 COLLATE utf8mb4_general_ci NOT NULL COMMENT '是否接受恢复执行',
  `job_data` blob NULL COMMENT '存放持久化job对象',
  PRIMARY KEY (`sched_name`, `job_name`, `job_group`) USING BTREE
) ENGINE = InnoDB CHARACTER SET = utf8mb4 COLLATE = utf8mb4_general_ci COMMENT = '任务详细信息表' ROW_FORMAT = DYNAMIC;

-- ----------------------------
-- Records of qrtz_job_details
-- ----------------------------
INSERT INTO `qrtz_job_details` VALUES ('RuoyiScheduler', 'TASK_CLASS_NAME1', 'DEFAULT', NULL, 'com.ruoyi.quartz.util.QuartzDisallowConcurrentExecution', '0', '1', '0', '0', 0xACED0005737200156F72672E71756172747A2E4A6F62446174614D61709FB083E8BFA9B0CB020000787200266F72672E71756172747A2E7574696C732E537472696E674B65794469727479466C61674D61708208E8C3FBC55D280200015A0013616C6C6F77735472616E7369656E74446174617872001D6F72672E71756172747A2E7574696C732E4469727479466C61674D617013E62EAD28760ACE0200025A000564697274794C00036D617074000F4C6A6176612F7574696C2F4D61703B787001737200116A6176612E7574696C2E486173684D61700507DAC1C31660D103000246000A6C6F6164466163746F724900097468726573686F6C6478703F4000000000000C7708000000100000000174000F5441534B5F50524F504552544945537372001E636F6D2E72756F79692E71756172747A2E646F6D61696E2E5379734A6F6200000000000000010200084C000A636F6E63757272656E747400124C6A6176612F6C616E672F537472696E673B4C000E63726F6E45787072657373696F6E71007E00094C000C696E766F6B6554617267657471007E00094C00086A6F6247726F757071007E00094C00056A6F6249647400104C6A6176612F6C616E672F4C6F6E673B4C00076A6F624E616D6571007E00094C000D6D697366697265506F6C69637971007E00094C000673746174757371007E000978720027636F6D2E72756F79692E636F6D6D6F6E2E636F72652E646F6D61696E2E42617365456E7469747900000000000000010200074C0008637265617465427971007E00094C000A63726561746554696D657400104C6A6176612F7574696C2F446174653B4C0006706172616D7371007E00034C000672656D61726B71007E00094C000B73656172636856616C756571007E00094C0008757064617465427971007E00094C000A75706461746554696D6571007E000C787074000561646D696E7372000E6A6176612E7574696C2E44617465686A81014B5974190300007870770800000192A88E0A3078707400007070707400013174000E302F3130202A202A202A202A203F74001172795461736B2E72794E6F506172616D7374000744454641554C547372000E6A6176612E6C616E672E4C6F6E673B8BE490CC8F23DF0200014A000576616C7565787200106A6176612E6C616E672E4E756D62657286AC951D0B94E08B02000078700000000000000001740018E7B3BBE7BB9FE9BB98E8AEA4EFBC88E697A0E58F82EFBC8974000133740001317800);
INSERT INTO `qrtz_job_details` VALUES ('RuoyiScheduler', 'TASK_CLASS_NAME2', 'DEFAULT', NULL, 'com.ruoyi.quartz.util.QuartzDisallowConcurrentExecution', '0', '1', '0', '0', 0xACED0005737200156F72672E71756172747A2E4A6F62446174614D61709FB083E8BFA9B0CB020000787200266F72672E71756172747A2E7574696C732E537472696E674B65794469727479466C61674D61708208E8C3FBC55D280200015A0013616C6C6F77735472616E7369656E74446174617872001D6F72672E71756172747A2E7574696C732E4469727479466C61674D617013E62EAD28760ACE0200025A000564697274794C00036D617074000F4C6A6176612F7574696C2F4D61703B787001737200116A6176612E7574696C2E486173684D61700507DAC1C31660D103000246000A6C6F6164466163746F724900097468726573686F6C6478703F4000000000000C7708000000100000000174000F5441534B5F50524F504552544945537372001E636F6D2E72756F79692E71756172747A2E646F6D61696E2E5379734A6F6200000000000000010200084C000A636F6E63757272656E747400124C6A6176612F6C616E672F537472696E673B4C000E63726F6E45787072657373696F6E71007E00094C000C696E766F6B6554617267657471007E00094C00086A6F6247726F757071007E00094C00056A6F6249647400104C6A6176612F6C616E672F4C6F6E673B4C00076A6F624E616D6571007E00094C000D6D697366697265506F6C69637971007E00094C000673746174757371007E000978720027636F6D2E72756F79692E636F6D6D6F6E2E636F72652E646F6D61696E2E42617365456E7469747900000000000000010200074C0008637265617465427971007E00094C000A63726561746554696D657400104C6A6176612F7574696C2F446174653B4C0006706172616D7371007E00034C000672656D61726B71007E00094C000B73656172636856616C756571007E00094C0008757064617465427971007E00094C000A75706461746554696D6571007E000C787074000561646D696E7372000E6A6176612E7574696C2E44617465686A81014B5974190300007870770800000192A88E0A3078707400007070707400013174000E302F3135202A202A202A202A203F74001572795461736B2E7279506172616D7328277279272974000744454641554C547372000E6A6176612E6C616E672E4C6F6E673B8BE490CC8F23DF0200014A000576616C7565787200106A6176612E6C616E672E4E756D62657286AC951D0B94E08B02000078700000000000000002740018E7B3BBE7BB9FE9BB98E8AEA4EFBC88E69C89E58F82EFBC8974000133740001317800);
INSERT INTO `qrtz_job_details` VALUES ('RuoyiScheduler', 'TASK_CLASS_NAME3', 'DEFAULT', NULL, 'com.ruoyi.quartz.util.QuartzDisallowConcurrentExecution', '0', '1', '0', '0', 0xACED0005737200156F72672E71756172747A2E4A6F62446174614D61709FB083E8BFA9B0CB020000787200266F72672E71756172747A2E7574696C732E537472696E674B65794469727479466C61674D61708208E8C3FBC55D280200015A0013616C6C6F77735472616E7369656E74446174617872001D6F72672E71756172747A2E7574696C732E4469727479466C61674D617013E62EAD28760ACE0200025A000564697274794C00036D617074000F4C6A6176612F7574696C2F4D61703B787001737200116A6176612E7574696C2E486173684D61700507DAC1C31660D103000246000A6C6F6164466163746F724900097468726573686F6C6478703F4000000000000C7708000000100000000174000F5441534B5F50524F504552544945537372001E636F6D2E72756F79692E71756172747A2E646F6D61696E2E5379734A6F6200000000000000010200084C000A636F6E63757272656E747400124C6A6176612F6C616E672F537472696E673B4C000E63726F6E45787072657373696F6E71007E00094C000C696E766F6B6554617267657471007E00094C00086A6F6247726F757071007E00094C00056A6F6249647400104C6A6176612F6C616E672F4C6F6E673B4C00076A6F624E616D6571007E00094C000D6D697366697265506F6C69637971007E00094C000673746174757371007E000978720027636F6D2E72756F79692E636F6D6D6F6E2E636F72652E646F6D61696E2E42617365456E7469747900000000000000010200074C0008637265617465427971007E00094C000A63726561746554696D657400104C6A6176612F7574696C2F446174653B4C0006706172616D7371007E00034C000672656D61726B71007E00094C000B73656172636856616C756571007E00094C0008757064617465427971007E00094C000A75706461746554696D6571007E000C787074000561646D696E7372000E6A6176612E7574696C2E44617465686A81014B5974190300007870770800000192A88E0A3078707400007070707400013174000E302F3230202A202A202A202A203F74003872795461736B2E72794D756C7469706C65506172616D7328277279272C20747275652C20323030304C2C203331362E3530442C203130302974000744454641554C547372000E6A6176612E6C616E672E4C6F6E673B8BE490CC8F23DF0200014A000576616C7565787200106A6176612E6C616E672E4E756D62657286AC951D0B94E08B02000078700000000000000003740018E7B3BBE7BB9FE9BB98E8AEA4EFBC88E5A49AE58F82EFBC8974000133740001317800);

-- ----------------------------
-- Table structure for qrtz_locks
-- ----------------------------
DROP TABLE IF EXISTS `qrtz_locks`;
CREATE TABLE `qrtz_locks`  (
  `sched_name` varchar(120) CHARACTER SET utf8mb4 COLLATE utf8mb4_general_ci NOT NULL COMMENT '调度名称',
  `lock_name` varchar(40) CHARACTER SET utf8mb4 COLLATE utf8mb4_general_ci NOT NULL COMMENT '悲观锁名称',
  PRIMARY KEY (`sched_name`, `lock_name`) USING BTREE
) ENGINE = InnoDB CHARACTER SET = utf8mb4 COLLATE = utf8mb4_general_ci COMMENT = '存储的悲观锁信息表' ROW_FORMAT = DYNAMIC;

-- ----------------------------
-- Records of qrtz_locks
-- ----------------------------
INSERT INTO `qrtz_locks` VALUES ('RuoyiScheduler', 'STATE_ACCESS');
INSERT INTO `qrtz_locks` VALUES ('RuoyiScheduler', 'TRIGGER_ACCESS');

-- ----------------------------
-- Table structure for qrtz_paused_trigger_grps
-- ----------------------------
DROP TABLE IF EXISTS `qrtz_paused_trigger_grps`;
CREATE TABLE `qrtz_paused_trigger_grps`  (
  `sched_name` varchar(120) CHARACTER SET utf8mb4 COLLATE utf8mb4_general_ci NOT NULL COMMENT '调度名称',
  `trigger_group` varchar(200) CHARACTER SET utf8mb4 COLLATE utf8mb4_general_ci NOT NULL COMMENT 'qrtz_triggers表trigger_group的外键',
  PRIMARY KEY (`sched_name`, `trigger_group`) USING BTREE
) ENGINE = InnoDB CHARACTER SET = utf8mb4 COLLATE = utf8mb4_general_ci COMMENT = '暂停的触发器表' ROW_FORMAT = DYNAMIC;

-- ----------------------------
-- Records of qrtz_paused_trigger_grps
-- ----------------------------

-- ----------------------------
-- Table structure for qrtz_scheduler_state
-- ----------------------------
DROP TABLE IF EXISTS `qrtz_scheduler_state`;
CREATE TABLE `qrtz_scheduler_state`  (
  `sched_name` varchar(120) CHARACTER SET utf8mb4 COLLATE utf8mb4_general_ci NOT NULL COMMENT '调度名称',
  `instance_name` varchar(200) CHARACTER SET utf8mb4 COLLATE utf8mb4_general_ci NOT NULL COMMENT '实例名称',
  `last_checkin_time` bigint(13) NOT NULL COMMENT '上次检查时间',
  `checkin_interval` bigint(13) NOT NULL COMMENT '检查间隔时间',
  PRIMARY KEY (`sched_name`, `instance_name`) USING BTREE
) ENGINE = InnoDB CHARACTER SET = utf8mb4 COLLATE = utf8mb4_general_ci COMMENT = '调度器状态表' ROW_FORMAT = DYNAMIC;

-- ----------------------------
-- Records of qrtz_scheduler_state
-- ----------------------------
INSERT INTO `qrtz_scheduler_state` VALUES ('RuoyiScheduler', 'xiaozhuang的联想1729690554698', 1729691292360, 15000);

-- ----------------------------
-- Table structure for qrtz_simple_triggers
-- ----------------------------
DROP TABLE IF EXISTS `qrtz_simple_triggers`;
CREATE TABLE `qrtz_simple_triggers`  (
  `sched_name` varchar(120) CHARACTER SET utf8mb4 COLLATE utf8mb4_general_ci NOT NULL COMMENT '调度名称',
  `trigger_name` varchar(200) CHARACTER SET utf8mb4 COLLATE utf8mb4_general_ci NOT NULL COMMENT 'qrtz_triggers表trigger_name的外键',
  `trigger_group` varchar(200) CHARACTER SET utf8mb4 COLLATE utf8mb4_general_ci NOT NULL COMMENT 'qrtz_triggers表trigger_group的外键',
  `repeat_count` bigint(7) NOT NULL COMMENT '重复的次数统计',
  `repeat_interval` bigint(12) NOT NULL COMMENT '重复的间隔时间',
  `times_triggered` bigint(10) NOT NULL COMMENT '已经触发的次数',
  PRIMARY KEY (`sched_name`, `trigger_name`, `trigger_group`) USING BTREE,
  CONSTRAINT `QRTZ_SIMPLE_TRIGGERS_IBFK_1` FOREIGN KEY (`sched_name`, `trigger_name`, `trigger_group`) REFERENCES `qrtz_triggers` (`sched_name`, `trigger_name`, `trigger_group`) ON DELETE RESTRICT ON UPDATE RESTRICT
) ENGINE = InnoDB CHARACTER SET = utf8mb4 COLLATE = utf8mb4_general_ci COMMENT = '简单触发器的信息表' ROW_FORMAT = DYNAMIC;

-- ----------------------------
-- Records of qrtz_simple_triggers
-- ----------------------------

-- ----------------------------
-- Table structure for qrtz_simprop_triggers
-- ----------------------------
DROP TABLE IF EXISTS `qrtz_simprop_triggers`;
CREATE TABLE `qrtz_simprop_triggers`  (
  `sched_name` varchar(120) CHARACTER SET utf8mb4 COLLATE utf8mb4_general_ci NOT NULL COMMENT '调度名称',
  `trigger_name` varchar(200) CHARACTER SET utf8mb4 COLLATE utf8mb4_general_ci NOT NULL COMMENT 'qrtz_triggers表trigger_name的外键',
  `trigger_group` varchar(200) CHARACTER SET utf8mb4 COLLATE utf8mb4_general_ci NOT NULL COMMENT 'qrtz_triggers表trigger_group的外键',
  `str_prop_1` varchar(512) CHARACTER SET utf8mb4 COLLATE utf8mb4_general_ci NULL DEFAULT NULL COMMENT 'String类型的trigger的第一个参数',
  `str_prop_2` varchar(512) CHARACTER SET utf8mb4 COLLATE utf8mb4_general_ci NULL DEFAULT NULL COMMENT 'String类型的trigger的第二个参数',
  `str_prop_3` varchar(512) CHARACTER SET utf8mb4 COLLATE utf8mb4_general_ci NULL DEFAULT NULL COMMENT 'String类型的trigger的第三个参数',
  `int_prop_1` int(11) NULL DEFAULT NULL COMMENT 'int类型的trigger的第一个参数',
  `int_prop_2` int(11) NULL DEFAULT NULL COMMENT 'int类型的trigger的第二个参数',
  `long_prop_1` bigint(20) NULL DEFAULT NULL COMMENT 'long类型的trigger的第一个参数',
  `long_prop_2` bigint(20) NULL DEFAULT NULL COMMENT 'long类型的trigger的第二个参数',
  `dec_prop_1` decimal(13, 4) NULL DEFAULT NULL COMMENT 'decimal类型的trigger的第一个参数',
  `dec_prop_2` decimal(13, 4) NULL DEFAULT NULL COMMENT 'decimal类型的trigger的第二个参数',
  `bool_prop_1` varchar(1) CHARACTER SET utf8mb4 COLLATE utf8mb4_general_ci NULL DEFAULT NULL COMMENT 'Boolean类型的trigger的第一个参数',
  `bool_prop_2` varchar(1) CHARACTER SET utf8mb4 COLLATE utf8mb4_general_ci NULL DEFAULT NULL COMMENT 'Boolean类型的trigger的第二个参数',
  PRIMARY KEY (`sched_name`, `trigger_name`, `trigger_group`) USING BTREE,
  CONSTRAINT `QRTZ_SIMPROP_TRIGGERS_IBFK_1` FOREIGN KEY (`sched_name`, `trigger_name`, `trigger_group`) REFERENCES `qrtz_triggers` (`sched_name`, `trigger_name`, `trigger_group`) ON DELETE RESTRICT ON UPDATE RESTRICT
) ENGINE = InnoDB CHARACTER SET = utf8mb4 COLLATE = utf8mb4_general_ci COMMENT = '同步机制的行锁表' ROW_FORMAT = DYNAMIC;

-- ----------------------------
-- Records of qrtz_simprop_triggers
-- ----------------------------

-- ----------------------------
-- Table structure for qrtz_triggers
-- ----------------------------
DROP TABLE IF EXISTS `qrtz_triggers`;
CREATE TABLE `qrtz_triggers`  (
  `sched_name` varchar(120) CHARACTER SET utf8mb4 COLLATE utf8mb4_general_ci NOT NULL COMMENT '调度名称',
  `trigger_name` varchar(200) CHARACTER SET utf8mb4 COLLATE utf8mb4_general_ci NOT NULL COMMENT '触发器的名字',
  `trigger_group` varchar(200) CHARACTER SET utf8mb4 COLLATE utf8mb4_general_ci NOT NULL COMMENT '触发器所属组的名字',
  `job_name` varchar(200) CHARACTER SET utf8mb4 COLLATE utf8mb4_general_ci NOT NULL COMMENT 'qrtz_job_details表job_name的外键',
  `job_group` varchar(200) CHARACTER SET utf8mb4 COLLATE utf8mb4_general_ci NOT NULL COMMENT 'qrtz_job_details表job_group的外键',
  `description` varchar(250) CHARACTER SET utf8mb4 COLLATE utf8mb4_general_ci NULL DEFAULT NULL COMMENT '相关介绍',
  `next_fire_time` bigint(13) NULL DEFAULT NULL COMMENT '上一次触发时间（毫秒）',
  `prev_fire_time` bigint(13) NULL DEFAULT NULL COMMENT '下一次触发时间（默认为-1表示不触发）',
  `priority` int(11) NULL DEFAULT NULL COMMENT '优先级',
  `trigger_state` varchar(16) CHARACTER SET utf8mb4 COLLATE utf8mb4_general_ci NOT NULL COMMENT '触发器状态',
  `trigger_type` varchar(8) CHARACTER SET utf8mb4 COLLATE utf8mb4_general_ci NOT NULL COMMENT '触发器的类型',
  `start_time` bigint(13) NOT NULL COMMENT '开始时间',
  `end_time` bigint(13) NULL DEFAULT NULL COMMENT '结束时间',
  `calendar_name` varchar(200) CHARACTER SET utf8mb4 COLLATE utf8mb4_general_ci NULL DEFAULT NULL COMMENT '日程表名称',
  `misfire_instr` smallint(2) NULL DEFAULT NULL COMMENT '补偿执行的策略',
  `job_data` blob NULL COMMENT '存放持久化job对象',
  PRIMARY KEY (`sched_name`, `trigger_name`, `trigger_group`) USING BTREE,
  INDEX `sched_name`(`sched_name`, `job_name`, `job_group`) USING BTREE,
  CONSTRAINT `QRTZ_TRIGGERS_IBFK_1` FOREIGN KEY (`sched_name`, `job_name`, `job_group`) REFERENCES `qrtz_job_details` (`sched_name`, `job_name`, `job_group`) ON DELETE RESTRICT ON UPDATE RESTRICT
) ENGINE = InnoDB CHARACTER SET = utf8mb4 COLLATE = utf8mb4_general_ci COMMENT = '触发器详细信息表' ROW_FORMAT = DYNAMIC;

-- ----------------------------
-- Records of qrtz_triggers
-- ----------------------------
INSERT INTO `qrtz_triggers` VALUES ('RuoyiScheduler', 'TASK_CLASS_NAME1', 'DEFAULT', 'TASK_CLASS_NAME1', 'DEFAULT', NULL, 1729690560000, -1, 5, 'PAUSED', 'CRON', 1729690554000, 0, NULL, 2, '');
INSERT INTO `qrtz_triggers` VALUES ('RuoyiScheduler', 'TASK_CLASS_NAME2', 'DEFAULT', 'TASK_CLASS_NAME2', 'DEFAULT', NULL, 1729690560000, -1, 5, 'PAUSED', 'CRON', 1729690554000, 0, NULL, 2, '');
INSERT INTO `qrtz_triggers` VALUES ('RuoyiScheduler', 'TASK_CLASS_NAME3', 'DEFAULT', 'TASK_CLASS_NAME3', 'DEFAULT', NULL, 1729690560000, -1, 5, 'PAUSED', 'CRON', 1729690554000, 0, NULL, 2, '');

-- ----------------------------
-- Table structure for sys_config
-- ----------------------------
DROP TABLE IF EXISTS `sys_config`;
CREATE TABLE `sys_config`  (
  `config_id` int(5) NOT NULL AUTO_INCREMENT COMMENT '参数主键',
  `config_name` varchar(100) CHARACTER SET utf8mb4 COLLATE utf8mb4_general_ci NULL DEFAULT '' COMMENT '参数名称',
  `config_key` varchar(100) CHARACTER SET utf8mb4 COLLATE utf8mb4_general_ci NULL DEFAULT '' COMMENT '参数键名',
  `config_value` varchar(500) CHARACTER SET utf8mb4 COLLATE utf8mb4_general_ci NULL DEFAULT '' COMMENT '参数键值',
  `config_type` char(1) CHARACTER SET utf8mb4 COLLATE utf8mb4_general_ci NULL DEFAULT 'N' COMMENT '系统内置（Y是 N否）',
  `create_by` varchar(64) CHARACTER SET utf8mb4 COLLATE utf8mb4_general_ci NULL DEFAULT '' COMMENT '创建者',
  `create_time` datetime NULL DEFAULT NULL COMMENT '创建时间',
  `update_by` varchar(64) CHARACTER SET utf8mb4 COLLATE utf8mb4_general_ci NULL DEFAULT '' COMMENT '更新者',
  `update_time` datetime NULL DEFAULT NULL COMMENT '更新时间',
  `remark` varchar(500) CHARACTER SET utf8mb4 COLLATE utf8mb4_general_ci NULL DEFAULT NULL COMMENT '备注',
  PRIMARY KEY (`config_id`) USING BTREE
) ENGINE = InnoDB AUTO_INCREMENT = 6 CHARACTER SET = utf8mb4 COLLATE = utf8mb4_general_ci COMMENT = '参数配置表' ROW_FORMAT = DYNAMIC;

-- ----------------------------
-- Records of sys_config
-- ----------------------------
INSERT INTO `sys_config` VALUES (1, '主框架页-默认皮肤样式名称', 'sys.index.skinName', 'skin-blue', 'Y', 'admin', '2024-10-20 14:12:14', '', NULL, '蓝色 skin-blue、绿色 skin-green、紫色 skin-purple、红色 skin-red、黄色 skin-yellow');
INSERT INTO `sys_config` VALUES (2, '用户管理-账号初始密码', 'sys.user.initPassword', '123456', 'Y', 'admin', '2024-10-20 14:12:14', '', NULL, '初始化密码 123456');
INSERT INTO `sys_config` VALUES (3, '主框架页-侧边栏主题', 'sys.index.sideTheme', 'theme-dark', 'Y', 'admin', '2024-10-20 14:12:14', '', NULL, '深色主题theme-dark，浅色主题theme-light');
INSERT INTO `sys_config` VALUES (4, '账号自助-验证码开关', 'sys.account.captchaOnOff', 'true', 'Y', 'admin', '2024-10-20 14:12:14', '', NULL, '是否开启验证码功能（true开启，false关闭）');
INSERT INTO `sys_config` VALUES (5, '账号自助-是否开启用户注册功能', 'sys.account.registerUser', 'true', 'Y', 'admin', '2024-10-20 14:12:14', 'admin', '2021-12-21 13:08:28', '是否开启注册用户功能（true开启，false关闭）');

-- ----------------------------
-- Table structure for sys_dept
-- ----------------------------
DROP TABLE IF EXISTS `sys_dept`;
CREATE TABLE `sys_dept`  (
  `dept_id` bigint(20) NOT NULL AUTO_INCREMENT COMMENT '部门id',
  `parent_id` bigint(20) NULL DEFAULT 0 COMMENT '父部门id',
  `ancestors` varchar(50) CHARACTER SET utf8mb4 COLLATE utf8mb4_general_ci NULL DEFAULT '' COMMENT '祖级列表',
  `dept_name` varchar(30) CHARACTER SET utf8mb4 COLLATE utf8mb4_general_ci NULL DEFAULT '' COMMENT '部门名称',
  `order_num` int(4) NULL DEFAULT 0 COMMENT '显示顺序',
  `leader` varchar(20) CHARACTER SET utf8mb4 COLLATE utf8mb4_general_ci NULL DEFAULT NULL COMMENT '负责人',
  `phone` varchar(11) CHARACTER SET utf8mb4 COLLATE utf8mb4_general_ci NULL DEFAULT NULL COMMENT '联系电话',
  `email` varchar(50) CHARACTER SET utf8mb4 COLLATE utf8mb4_general_ci NULL DEFAULT NULL COMMENT '邮箱',
  `status` char(1) CHARACTER SET utf8mb4 COLLATE utf8mb4_general_ci NULL DEFAULT '0' COMMENT '部门状态（0正常 1停用）',
  `del_flag` char(1) CHARACTER SET utf8mb4 COLLATE utf8mb4_general_ci NULL DEFAULT '0' COMMENT '删除标志（0代表存在 2代表删除）',
  `create_by` varchar(64) CHARACTER SET utf8mb4 COLLATE utf8mb4_general_ci NULL DEFAULT '' COMMENT '创建者',
  `create_time` datetime NULL DEFAULT NULL COMMENT '创建时间',
  `update_by` varchar(64) CHARACTER SET utf8mb4 COLLATE utf8mb4_general_ci NULL DEFAULT '' COMMENT '更新者',
  `update_time` datetime NULL DEFAULT NULL COMMENT '更新时间',
  PRIMARY KEY (`dept_id`) USING BTREE
) ENGINE = InnoDB AUTO_INCREMENT = 111 CHARACTER SET = utf8mb4 COLLATE = utf8mb4_general_ci COMMENT = '部门表' ROW_FORMAT = DYNAMIC;

-- ----------------------------
-- Records of sys_dept
-- ----------------------------
INSERT INTO `sys_dept` VALUES (100, 0, '0', '广州城建职业学院', 0, '蒋新华', '18888888888', 'xyxz@gzccc.edu.cn', '0', '0', 'admin', '2024-10-20 14:12:14', 'admin', '2024-10-20 16:06:55');
INSERT INTO `sys_dept` VALUES (101, 100, '0,100', '广州校区', 1, '蒋新华', '18888888888', 'xyxz@gzccc.edu.cn', '0', '0', 'admin', '2024-10-20 14:12:16', 'admin', '2024-10-20 16:07:31');
INSERT INTO `sys_dept` VALUES (102, 100, '0,100', '清远校区', 2, '蒋新华', '18888888888', 'xyxz@gzccc.edu.cn', '0', '0', 'admin', '2024-10-20 14:12:19', 'admin', '2024-10-20 16:08:21');
INSERT INTO `sys_dept` VALUES (104, 101, '0,100,101', '人文学院', 2, '鲁岩', '16888888888', 'luyan@qq.com', '0', '0', 'admin', '2024-10-20 14:12:21', 'admin', '2024-10-20 16:11:14');
INSERT INTO `sys_dept` VALUES (105, 101, '0,100,101', '艺术与设计学院', 3, '刘境奇', '16688888888', 'Liujingqi@qq.com', '0', '0', 'admin', '2024-10-20 14:12:33', 'admin', '2024-10-20 16:13:20');
INSERT INTO `sys_dept` VALUES (106, 101, '0,100,101', '建筑工程学院', 4, '吴承霞', '13888888888', 'Wuchengxia@qq.com', '0', '0', 'admin', '2024-10-20 14:12:45', 'admin', '2024-10-20 16:14:34');
INSERT INTO `sys_dept` VALUES (107, 101, '0,100,101', '机电工程学院', 5, '周立求', '18988888888', 'Zhouliqiu@qq.com', '0', '0', 'admin', '2024-10-20 14:12:50', 'admin', '2024-10-20 16:16:03');
INSERT INTO `sys_dept` VALUES (108, 102, '0,100,102', '医药卫生学院', 1, '李国年', '15588888888', 'sunweiquan1963@163.com', '0', '0', 'admin', '2024-10-20 14:12:55', 'admin', '2024-10-20 16:23:43');
INSERT INTO `sys_dept` VALUES (109, 102, '0,100,102', '未来技术应用学院', 2, '李连', '18588888888', 'Lilian@qq.com', '0', '0', 'admin', '2024-10-20 14:13:16', 'admin', '2024-10-20 16:25:04');
INSERT INTO `sys_dept` VALUES (110, 101, '0,100,101', '信息工程学院', 1, '曹春华', '19899899898', 'Caochunhua@qq.com', '0', '0', 'admin', '2024-10-20 16:19:55', 'admin', '2024-10-20 16:25:04');

-- ----------------------------
-- Table structure for sys_file_info
-- ----------------------------
DROP TABLE IF EXISTS `sys_file_info`;
CREATE TABLE `sys_file_info`  (
  `file_id` bigint(20) NOT NULL AUTO_INCREMENT COMMENT '文件主键id',
  `file_origin_name` varchar(255) CHARACTER SET utf8mb4 COLLATE utf8mb4_unicode_ci NOT NULL COMMENT '文件名称',
  `file_suffix` varchar(255) CHARACTER SET utf8mb4 COLLATE utf8mb4_unicode_ci NULL DEFAULT NULL COMMENT '文件类型，例如txt',
  `file_size_info` varchar(255) CHARACTER SET utf8mb4 COLLATE utf8mb4_unicode_ci NULL DEFAULT NULL COMMENT '文件大小',
  `file_object_name` varchar(255) CHARACTER SET utf8mb4 COLLATE utf8mb4_unicode_ci NULL DEFAULT NULL COMMENT '存储文件名称',
  `file_path` varchar(255) CHARACTER SET utf8mb4 COLLATE utf8mb4_unicode_ci NULL DEFAULT NULL COMMENT '存储路径',
  `del_flag` char(1) CHARACTER SET utf8 COLLATE utf8_general_ci NOT NULL DEFAULT 'N' COMMENT '是否删除：Y-被删除，N-未删除',
  `create_by` varchar(64) CHARACTER SET utf8mb4 COLLATE utf8mb4_general_ci NULL DEFAULT '' COMMENT '创建者',
  `create_time` datetime NULL DEFAULT NULL COMMENT '创建时间',
  `update_by` varchar(64) CHARACTER SET utf8mb4 COLLATE utf8mb4_general_ci NULL DEFAULT '' COMMENT '更新者',
  `update_time` datetime NULL DEFAULT NULL COMMENT '更新时间',
  PRIMARY KEY (`file_id`) USING BTREE
) ENGINE = InnoDB AUTO_INCREMENT = 40 CHARACTER SET = utf8mb4 COLLATE = utf8mb4_general_ci COMMENT = '文件信息表' ROW_FORMAT = DYNAMIC;

-- ----------------------------
-- Records of sys_file_info
-- ----------------------------

-- ----------------------------
-- Table structure for sys_job
-- ----------------------------
DROP TABLE IF EXISTS `sys_job`;
CREATE TABLE `sys_job`  (
  `job_id` bigint(20) NOT NULL AUTO_INCREMENT COMMENT '任务ID',
  `job_name` varchar(64) CHARACTER SET utf8mb4 COLLATE utf8mb4_general_ci NOT NULL DEFAULT '' COMMENT '任务名称',
  `job_group` varchar(64) CHARACTER SET utf8mb4 COLLATE utf8mb4_general_ci NOT NULL DEFAULT 'DEFAULT' COMMENT '任务组名',
  `invoke_target` varchar(500) CHARACTER SET utf8mb4 COLLATE utf8mb4_general_ci NOT NULL COMMENT '调用目标字符串',
  `cron_expression` varchar(255) CHARACTER SET utf8mb4 COLLATE utf8mb4_general_ci NULL DEFAULT '' COMMENT 'cron执行表达式',
  `misfire_policy` varchar(20) CHARACTER SET utf8mb4 COLLATE utf8mb4_general_ci NULL DEFAULT '3' COMMENT '计划执行错误策略（1立即执行 2执行一次 3放弃执行）',
  `concurrent` char(1) CHARACTER SET utf8mb4 COLLATE utf8mb4_general_ci NULL DEFAULT '1' COMMENT '是否并发执行（0允许 1禁止）',
  `status` char(1) CHARACTER SET utf8mb4 COLLATE utf8mb4_general_ci NULL DEFAULT '0' COMMENT '状态（0正常 1暂停）',
  `create_by` varchar(64) CHARACTER SET utf8mb4 COLLATE utf8mb4_general_ci NULL DEFAULT '' COMMENT '创建者',
  `create_time` datetime NULL DEFAULT NULL COMMENT '创建时间',
  `update_by` varchar(64) CHARACTER SET utf8mb4 COLLATE utf8mb4_general_ci NULL DEFAULT '' COMMENT '更新者',
  `update_time` datetime NULL DEFAULT NULL COMMENT '更新时间',
  `remark` varchar(500) CHARACTER SET utf8mb4 COLLATE utf8mb4_general_ci NULL DEFAULT '' COMMENT '备注信息',
  PRIMARY KEY (`job_id`, `job_name`, `job_group`) USING BTREE
) ENGINE = InnoDB AUTO_INCREMENT = 4 CHARACTER SET = utf8mb4 COLLATE = utf8mb4_general_ci COMMENT = '定时任务调度表' ROW_FORMAT = DYNAMIC;

-- ----------------------------
-- Records of sys_job
-- ----------------------------
INSERT INTO `sys_job` VALUES (1, '系统默认（无参）', 'DEFAULT', 'ryTask.ryNoParams', '0/10 * * * * ?', '3', '1', '1', 'admin', '2024-10-20 14:12:14', '', NULL, '');
INSERT INTO `sys_job` VALUES (2, '系统默认（有参）', 'DEFAULT', 'ryTask.ryParams(\'ry\')', '0/15 * * * * ?', '3', '1', '1', 'admin', '2024-10-20 14:12:14', '', NULL, '');
INSERT INTO `sys_job` VALUES (3, '系统默认（多参）', 'DEFAULT', 'ryTask.ryMultipleParams(\'ry\', true, 2000L, 316.50D, 100)', '0/20 * * * * ?', '3', '1', '1', 'admin', '2024-10-20 14:12:14', '', NULL, '');

-- ----------------------------
-- Table structure for sys_job_log
-- ----------------------------
DROP TABLE IF EXISTS `sys_job_log`;
CREATE TABLE `sys_job_log`  (
  `job_log_id` bigint(20) NOT NULL AUTO_INCREMENT COMMENT '任务日志ID',
  `job_name` varchar(64) CHARACTER SET utf8mb4 COLLATE utf8mb4_general_ci NOT NULL COMMENT '任务名称',
  `job_group` varchar(64) CHARACTER SET utf8mb4 COLLATE utf8mb4_general_ci NOT NULL COMMENT '任务组名',
  `invoke_target` varchar(500) CHARACTER SET utf8mb4 COLLATE utf8mb4_general_ci NOT NULL COMMENT '调用目标字符串',
  `job_message` varchar(500) CHARACTER SET utf8mb4 COLLATE utf8mb4_general_ci NULL DEFAULT NULL COMMENT '日志信息',
  `status` char(1) CHARACTER SET utf8mb4 COLLATE utf8mb4_general_ci NULL DEFAULT '0' COMMENT '执行状态（0正常 1失败）',
  `exception_info` varchar(2000) CHARACTER SET utf8mb4 COLLATE utf8mb4_general_ci NULL DEFAULT '' COMMENT '异常信息',
  `create_time` datetime NULL DEFAULT NULL COMMENT '创建时间',
  PRIMARY KEY (`job_log_id`) USING BTREE
) ENGINE = InnoDB AUTO_INCREMENT = 1 CHARACTER SET = utf8mb4 COLLATE = utf8mb4_general_ci COMMENT = '定时任务调度日志表' ROW_FORMAT = DYNAMIC;

-- ----------------------------
-- Records of sys_job_log
-- ----------------------------

-- ----------------------------
-- Table structure for sys_logininfor
-- ----------------------------
DROP TABLE IF EXISTS `sys_logininfor`;
CREATE TABLE `sys_logininfor`  (
  `info_id` bigint(20) NOT NULL AUTO_INCREMENT COMMENT '访问ID',
  `user_name` varchar(50) CHARACTER SET utf8mb4 COLLATE utf8mb4_general_ci NULL DEFAULT '' COMMENT '用户账号',
  `ipaddr` varchar(128) CHARACTER SET utf8mb4 COLLATE utf8mb4_general_ci NULL DEFAULT '' COMMENT '登录IP地址',
  `login_location` varchar(255) CHARACTER SET utf8mb4 COLLATE utf8mb4_general_ci NULL DEFAULT '' COMMENT '登录地点',
  `browser` varchar(50) CHARACTER SET utf8mb4 COLLATE utf8mb4_general_ci NULL DEFAULT '' COMMENT '浏览器类型',
  `os` varchar(50) CHARACTER SET utf8mb4 COLLATE utf8mb4_general_ci NULL DEFAULT '' COMMENT '操作系统',
  `status` char(1) CHARACTER SET utf8mb4 COLLATE utf8mb4_general_ci NULL DEFAULT '0' COMMENT '登录状态（0成功 1失败）',
  `msg` varchar(255) CHARACTER SET utf8mb4 COLLATE utf8mb4_general_ci NULL DEFAULT '' COMMENT '提示消息',
  `login_time` datetime NULL DEFAULT NULL COMMENT '访问时间',
  PRIMARY KEY (`info_id`) USING BTREE
) ENGINE = InnoDB AUTO_INCREMENT = 58 CHARACTER SET = utf8mb4 COLLATE = utf8mb4_general_ci COMMENT = '系统访问记录' ROW_FORMAT = DYNAMIC;

-- ----------------------------
-- Records of sys_logininfor
-- ----------------------------
INSERT INTO `sys_logininfor` VALUES (1, 'admin', '127.0.0.1', '内网IP', 'Chrome 12', 'Windows 10', '1', '验证码错误', '2024-10-20 15:51:20');
INSERT INTO `sys_logininfor` VALUES (2, 'admin', '127.0.0.1', '内网IP', 'Chrome 12', 'Windows 10', '0', '登录成功', '2024-10-20 15:51:24');
INSERT INTO `sys_logininfor` VALUES (3, 'admin', '127.0.0.1', '内网IP', 'Chrome 12', 'Windows 10', '0', '登录成功', '2024-10-20 20:35:26');
INSERT INTO `sys_logininfor` VALUES (4, 'admin', '127.0.0.1', '内网IP', 'Chrome 12', 'Windows 10', '0', '登录成功', '2024-10-21 03:23:26');
INSERT INTO `sys_logininfor` VALUES (5, 'admin', '127.0.0.1', '内网IP', 'Chrome 12', 'Windows 10', '0', '退出成功', '2024-10-21 03:30:57');
INSERT INTO `sys_logininfor` VALUES (6, 'lz', '127.0.0.1', '内网IP', 'Chrome 12', 'Windows 10', '0', '注册成功', '2024-10-21 03:31:25');
INSERT INTO `sys_logininfor` VALUES (7, 'lz', '127.0.0.1', '内网IP', 'Chrome 12', 'Windows 10', '0', '登录成功', '2024-10-21 03:31:41');
INSERT INTO `sys_logininfor` VALUES (8, 'lz', '127.0.0.1', '内网IP', 'Chrome 12', 'Windows 10', '0', '退出成功', '2024-10-21 03:35:36');
INSERT INTO `sys_logininfor` VALUES (9, 'admin', '127.0.0.1', '内网IP', 'Chrome 12', 'Windows 10', '0', '登录成功', '2024-10-21 03:36:01');
INSERT INTO `sys_logininfor` VALUES (10, 'admin', '127.0.0.1', '内网IP', 'Chrome 12', 'Windows 10', '0', '退出成功', '2024-10-21 03:40:51');
INSERT INTO `sys_logininfor` VALUES (11, 'admin', '127.0.0.1', '内网IP', 'Chrome 12', 'Windows 10', '0', '登录成功', '2024-10-21 03:41:00');
INSERT INTO `sys_logininfor` VALUES (12, 'lz', '127.0.0.1', '内网IP', 'Chrome 13', 'Windows 10', '0', '登录成功', '2024-10-21 03:41:42');
INSERT INTO `sys_logininfor` VALUES (13, 'lz', '127.0.0.1', '内网IP', 'Chrome 13', 'Windows 10', '0', '退出成功', '2024-10-21 03:42:36');
INSERT INTO `sys_logininfor` VALUES (14, 'admin', '127.0.0.1', '内网IP', 'Chrome 12', 'Windows 10', '1', '验证码已失效', '2024-10-21 15:23:40');
INSERT INTO `sys_logininfor` VALUES (15, 'admin', '127.0.0.1', '内网IP', 'Chrome 12', 'Windows 10', '0', '登录成功', '2024-10-21 15:23:47');
INSERT INTO `sys_logininfor` VALUES (16, 'admin', '127.0.0.1', '内网IP', 'Chrome 12', 'Windows 10', '1', '验证码错误', '2024-10-21 21:51:39');
INSERT INTO `sys_logininfor` VALUES (17, 'admin', '127.0.0.1', '内网IP', 'Chrome 12', 'Windows 10', '0', '登录成功', '2024-10-21 21:51:44');
INSERT INTO `sys_logininfor` VALUES (18, 'admin', '127.0.0.1', '内网IP', 'Chrome 12', 'Windows 10', '1', '验证码错误', '2024-10-21 23:38:37');
INSERT INTO `sys_logininfor` VALUES (19, 'admin', '127.0.0.1', '内网IP', 'Chrome 12', 'Windows 10', '0', '登录成功', '2024-10-21 23:38:42');
INSERT INTO `sys_logininfor` VALUES (20, 'admin', '127.0.0.1', '内网IP', 'Chrome 12', 'Windows 10', '0', '退出成功', '2024-10-22 00:04:26');
INSERT INTO `sys_logininfor` VALUES (21, 'lz', '127.0.0.1', '内网IP', 'Chrome 12', 'Windows 10', '0', '登录成功', '2024-10-22 00:04:40');
INSERT INTO `sys_logininfor` VALUES (22, 'lz', '127.0.0.1', '内网IP', 'Chrome 12', 'Windows 10', '0', '退出成功', '2024-10-22 00:09:03');
INSERT INTO `sys_logininfor` VALUES (23, 'admin', '127.0.0.1', '内网IP', 'Chrome 12', 'Windows 10', '0', '登录成功', '2024-10-22 00:09:29');
INSERT INTO `sys_logininfor` VALUES (24, 'admin', '127.0.0.1', '内网IP', 'Chrome 12', 'Windows 10', '0', '退出成功', '2024-10-22 00:09:59');
INSERT INTO `sys_logininfor` VALUES (25, 'lz', '127.0.0.1', '内网IP', 'Chrome 12', 'Windows 10', '0', '登录成功', '2024-10-22 00:10:14');
INSERT INTO `sys_logininfor` VALUES (26, 'lz', '127.0.0.1', '内网IP', 'Chrome 12', 'Windows 10', '0', '退出成功', '2024-10-22 00:12:15');
INSERT INTO `sys_logininfor` VALUES (27, 'admin', '127.0.0.1', '内网IP', 'Chrome 12', 'Windows 10', '0', '登录成功', '2024-10-22 00:12:25');
INSERT INTO `sys_logininfor` VALUES (28, 'admin', '127.0.0.1', '内网IP', 'Chrome 12', 'Windows 10', '0', '退出成功', '2024-10-22 00:38:52');
INSERT INTO `sys_logininfor` VALUES (29, 'lz', '127.0.0.1', '内网IP', 'Chrome 12', 'Windows 10', '0', '登录成功', '2024-10-22 00:39:11');
INSERT INTO `sys_logininfor` VALUES (30, 'lz', '127.0.0.1', '内网IP', 'Chrome 12', 'Windows 10', '0', '退出成功', '2024-10-22 00:39:48');
INSERT INTO `sys_logininfor` VALUES (31, 'admin', '127.0.0.1', '内网IP', 'Chrome 12', 'Windows 10', '0', '登录成功', '2024-10-22 00:39:53');
INSERT INTO `sys_logininfor` VALUES (32, 'admin', '127.0.0.1', '内网IP', 'Chrome 12', 'Windows 10', '1', '验证码已失效', '2024-10-22 01:41:56');
INSERT INTO `sys_logininfor` VALUES (33, 'admin', '127.0.0.1', '内网IP', 'Chrome 12', 'Windows 10', '0', '登录成功', '2024-10-22 01:42:02');
INSERT INTO `sys_logininfor` VALUES (34, 'admin', '127.0.0.1', '内网IP', 'Chrome 12', 'Windows 10', '0', '登录成功', '2024-10-22 02:12:27');
INSERT INTO `sys_logininfor` VALUES (35, 'lz', '127.0.0.1', '内网IP', 'Chrome 13', 'Windows 10', '0', '登录成功', '2024-10-22 02:14:04');
INSERT INTO `sys_logininfor` VALUES (36, 'lz', '127.0.0.1', '内网IP', 'Chrome 13', 'Windows 10', '0', '登录成功', '2024-10-22 03:30:40');
INSERT INTO `sys_logininfor` VALUES (37, 'admin', '127.0.0.1', '内网IP', 'Chrome 13', 'Windows 10', '0', '登录成功', '2024-10-22 04:06:16');
INSERT INTO `sys_logininfor` VALUES (38, 'admin', '127.0.0.1', '内网IP', 'Chrome 12', 'Windows 10', '0', '登录成功', '2024-10-22 04:08:25');
INSERT INTO `sys_logininfor` VALUES (39, 'admin', '127.0.0.1', '内网IP', 'Chrome 12', 'Windows 10', '1', '验证码已失效', '2024-10-22 04:10:58');
INSERT INTO `sys_logininfor` VALUES (40, 'admin', '127.0.0.1', '内网IP', 'Chrome 12', 'Windows 10', '0', '登录成功', '2024-10-22 04:11:07');
INSERT INTO `sys_logininfor` VALUES (41, 'lz', '127.0.0.1', '内网IP', 'Chrome 13', 'Windows 10', '0', '登录成功', '2024-10-22 05:08:53');
INSERT INTO `sys_logininfor` VALUES (42, 'admin', '127.0.0.1', '内网IP', 'Chrome 12', 'Windows 10', '0', '登录成功', '2024-10-22 15:11:29');
INSERT INTO `sys_logininfor` VALUES (43, 'admin', '127.0.0.1', '内网IP', 'Chrome 12', 'Windows 10', '1', '验证码错误', '2024-10-22 16:08:29');
INSERT INTO `sys_logininfor` VALUES (44, 'admin', '127.0.0.1', '内网IP', 'Chrome 12', 'Windows 10', '0', '登录成功', '2024-10-22 16:08:35');
INSERT INTO `sys_logininfor` VALUES (45, 'admin', '127.0.0.1', '内网IP', 'Chrome 12', 'Windows 10', '0', '退出成功', '2024-10-22 17:05:19');
INSERT INTO `sys_logininfor` VALUES (46, 'admin', '127.0.0.1', '内网IP', 'Chrome 12', 'Windows 10', '0', '登录成功', '2024-10-22 17:05:27');
INSERT INTO `sys_logininfor` VALUES (47, 'admin', '127.0.0.1', '内网IP', 'Chrome 13', 'Windows 10', '1', '验证码已失效', '2024-10-22 17:05:46');
INSERT INTO `sys_logininfor` VALUES (48, 'admin', '127.0.0.1', '内网IP', 'Chrome 13', 'Windows 10', '0', '登录成功', '2024-10-22 17:05:51');
INSERT INTO `sys_logininfor` VALUES (49, 'admin', '127.0.0.1', '内网IP', 'Chrome 13', 'Windows 10', '0', '退出成功', '2024-10-22 17:06:55');
INSERT INTO `sys_logininfor` VALUES (50, 'admin', '127.0.0.1', '内网IP', 'Chrome 13', 'Windows 10', '1', '用户不存在/密码错误', '2024-10-22 17:07:06');
INSERT INTO `sys_logininfor` VALUES (51, 'admin', '127.0.0.1', '内网IP', 'Chrome 13', 'Windows 10', '1', '验证码已失效', '2024-10-22 17:12:04');
INSERT INTO `sys_logininfor` VALUES (52, 'admin', '127.0.0.1', '内网IP', 'Chrome 13', 'Windows 10', '1', '验证码错误', '2024-10-22 17:12:07');
INSERT INTO `sys_logininfor` VALUES (53, 'admin', '127.0.0.1', '内网IP', 'Chrome 12', 'Windows 10', '0', '登录成功', '2024-10-22 20:01:16');
INSERT INTO `sys_logininfor` VALUES (54, 'admin', '127.0.0.1', '内网IP', 'Chrome 13', 'Windows 10', '0', '登录成功', '2024-10-23 15:45:43');
INSERT INTO `sys_logininfor` VALUES (55, 'admin', '127.0.0.1', '内网IP', 'Chrome 12', 'Windows 10', '0', '登录成功', '2024-10-23 21:26:27');
INSERT INTO `sys_logininfor` VALUES (56, 'lz', '127.0.0.1', '内网IP', 'Chrome 13', 'Windows 10', '0', '登录成功', '2024-10-23 21:31:41');
INSERT INTO `sys_logininfor` VALUES (57, 'admin', '127.0.0.1', '内网IP', 'Chrome 13', 'Windows 10', '0', '登录成功', '2024-10-23 21:40:28');

-- ----------------------------
-- Table structure for sys_menu
-- ----------------------------
DROP TABLE IF EXISTS `sys_menu`;
CREATE TABLE `sys_menu`  (
  `menu_id` bigint(20) NOT NULL AUTO_INCREMENT COMMENT '菜单ID',
  `menu_name` varchar(50) CHARACTER SET utf8mb4 COLLATE utf8mb4_general_ci NOT NULL COMMENT '菜单名称',
  `parent_id` bigint(20) NULL DEFAULT 0 COMMENT '父菜单ID',
  `order_num` int(4) NULL DEFAULT 0 COMMENT '显示顺序',
  `path` varchar(200) CHARACTER SET utf8mb4 COLLATE utf8mb4_general_ci NULL DEFAULT '' COMMENT '路由地址',
  `component` varchar(255) CHARACTER SET utf8mb4 COLLATE utf8mb4_general_ci NULL DEFAULT NULL COMMENT '组件路径',
  `query` varchar(255) CHARACTER SET utf8mb4 COLLATE utf8mb4_general_ci NULL DEFAULT NULL COMMENT '路由参数',
  `is_frame` int(1) NULL DEFAULT 1 COMMENT '是否为外链（0是 1否）',
  `is_cache` int(1) NULL DEFAULT 0 COMMENT '是否缓存（0缓存 1不缓存）',
  `menu_type` char(1) CHARACTER SET utf8mb4 COLLATE utf8mb4_general_ci NULL DEFAULT '' COMMENT '菜单类型（M目录 C菜单 F按钮）',
  `visible` char(1) CHARACTER SET utf8mb4 COLLATE utf8mb4_general_ci NULL DEFAULT '0' COMMENT '菜单状态（0显示 1隐藏）',
  `status` char(1) CHARACTER SET utf8mb4 COLLATE utf8mb4_general_ci NULL DEFAULT '0' COMMENT '菜单状态（0正常 1停用）',
  `perms` varchar(100) CHARACTER SET utf8mb4 COLLATE utf8mb4_general_ci NULL DEFAULT NULL COMMENT '权限标识',
  `icon` varchar(100) CHARACTER SET utf8mb4 COLLATE utf8mb4_general_ci NULL DEFAULT '#' COMMENT '菜单图标',
  `create_by` varchar(64) CHARACTER SET utf8mb4 COLLATE utf8mb4_general_ci NULL DEFAULT '' COMMENT '创建者',
  `create_time` datetime NULL DEFAULT NULL COMMENT '创建时间',
  `update_by` varchar(64) CHARACTER SET utf8mb4 COLLATE utf8mb4_general_ci NULL DEFAULT '' COMMENT '更新者',
  `update_time` datetime NULL DEFAULT NULL COMMENT '更新时间',
  `remark` varchar(500) CHARACTER SET utf8mb4 COLLATE utf8mb4_general_ci NULL DEFAULT '' COMMENT '备注',
  PRIMARY KEY (`menu_id`) USING BTREE
) ENGINE = InnoDB AUTO_INCREMENT = 2074 CHARACTER SET = utf8mb4 COLLATE = utf8mb4_general_ci COMMENT = '菜单权限表' ROW_FORMAT = DYNAMIC;

-- ----------------------------
-- Records of sys_menu
-- ----------------------------
INSERT INTO `sys_menu` VALUES (1, '系统管理', 0, 1, 'system', NULL, '', 1, 0, 'M', '0', '0', '', 'system', 'admin', '2024-10-20 15:00:34', '', NULL, '系统管理目录');
INSERT INTO `sys_menu` VALUES (2, '系统监控', 0, 2, 'monitor', NULL, '', 1, 0, 'M', '0', '0', '', 'monitor', 'admin', '2024-10-20 15:01:22', '', NULL, '系统监控目录');
INSERT INTO `sys_menu` VALUES (100, '用户管理', 1, 3, 'user', 'system/user/index', '', 1, 0, 'C', '0', '0', 'system:user:list', 'user', 'admin', '2024-10-20 15:02:05', 'admin', '2024-10-20 15:00:34', '用户管理菜单');
INSERT INTO `sys_menu` VALUES (101, '角色管理', 1, 4, 'role', 'system/role/index', '', 1, 0, 'C', '0', '0', 'system:role:list', 'peoples', 'admin', '2024-10-20 15:03:48', 'admin', '2024-10-20 15:01:22', '角色管理菜单');
INSERT INTO `sys_menu` VALUES (102, '菜单管理', 1, 5, 'menu', 'system/menu/index', '', 1, 0, 'C', '0', '0', 'system:menu:list', 'tree-table', 'admin', '2024-10-20 15:04:12', 'admin', '2024-10-20 15:02:05', '菜单管理菜单');
INSERT INTO `sys_menu` VALUES (103, '部门管理', 1, 1, 'dept', 'system/dept/index', '', 1, 0, 'C', '0', '0', 'system:dept:list', 'tree', 'admin', '2024-10-20 15:05:56', 'admin', '2024-10-20 15:03:48', '部门管理菜单');
INSERT INTO `sys_menu` VALUES (104, '岗位管理', 1, 2, 'post', 'system/post/index', '', 1, 0, 'C', '0', '0', 'system:post:list', 'post', 'admin', '2024-10-20 15:06:31', 'admin', '2024-10-20 15:04:12', '岗位管理菜单');
INSERT INTO `sys_menu` VALUES (108, '日志管理', 1, 9, 'log', '', '', 1, 0, 'M', '0', '0', '', 'log', 'admin', '2024-10-20 15:10:27', '', NULL, '日志管理菜单');
INSERT INTO `sys_menu` VALUES (109, '在线用户', 2, 1, 'online', 'monitor/online/index', '', 1, 0, 'C', '0', '0', 'monitor:online:list', 'online', 'admin', '2024-10-20 15:11:11', '', NULL, '在线用户菜单');
INSERT INTO `sys_menu` VALUES (112, '服务监控', 2, 4, 'server', 'monitor/server/index', '', 1, 0, 'C', '0', '0', 'monitor:server:list', 'server', 'admin', '2024-10-20 15:14:23', '', NULL, '服务监控菜单');
INSERT INTO `sys_menu` VALUES (500, '操作日志', 108, 1, 'operlog', 'monitor/operlog/index', '', 1, 0, 'C', '0', '0', 'monitor:operlog:list', 'form', 'admin', '2024-10-20 15:19:03', '', NULL, '操作日志菜单');
INSERT INTO `sys_menu` VALUES (501, '登录日志', 108, 2, 'logininfor', 'monitor/logininfor/index', '', 1, 0, 'C', '0', '0', 'monitor:logininfor:list', 'logininfor', 'admin', '2024-10-20 15:20:47', '', NULL, '登录日志菜单');
INSERT INTO `sys_menu` VALUES (1001, '用户查询', 100, 1, '', '', '', 1, 0, 'F', '0', '0', 'system:user:query', '#', 'admin', '2024-10-20 15:21:31', '', NULL, '');
INSERT INTO `sys_menu` VALUES (1002, '用户新增', 100, 2, '', '', '', 1, 0, 'F', '0', '0', 'system:user:add', '#', 'admin', '2024-10-20 15:22:15', '', NULL, '');
INSERT INTO `sys_menu` VALUES (1003, '用户修改', 100, 3, '', '', '', 1, 0, 'F', '0', '0', 'system:user:edit', '#', 'admin', '2024-10-20 15:23:59', '', NULL, '');
INSERT INTO `sys_menu` VALUES (1004, '用户删除', 100, 4, '', '', '', 1, 0, 'F', '0', '0', 'system:user:remove', '#', 'admin', '2024-10-20 15:24:43', '', NULL, '');
INSERT INTO `sys_menu` VALUES (1005, '用户导出', 100, 5, '', '', '', 1, 0, 'F', '0', '0', 'system:user:export', '#', 'admin', '2024-10-20 15:25:27', '', NULL, '');
INSERT INTO `sys_menu` VALUES (1006, '用户导入', 100, 6, '', '', '', 1, 0, 'F', '0', '0', 'system:user:import', '#', 'admin', '2024-10-20 15:26:11', '', NULL, '');
INSERT INTO `sys_menu` VALUES (1007, '重置密码', 100, 7, '', '', '', 1, 0, 'F', '0', '0', 'system:user:resetPwd', '#', 'admin', '2024-10-20 15:27:55', '', NULL, '');
INSERT INTO `sys_menu` VALUES (1008, '角色查询', 101, 1, '', '', '', 1, 0, 'F', '0', '0', 'system:role:query', '#', 'admin', '2024-10-20 15:28:39', '', NULL, '');
INSERT INTO `sys_menu` VALUES (1009, '角色新增', 101, 2, '', '', '', 1, 0, 'F', '0', '0', 'system:role:add', '#', 'admin', '2024-10-20 15:29:23', '', NULL, '');
INSERT INTO `sys_menu` VALUES (1010, '角色修改', 101, 3, '', '', '', 1, 0, 'F', '0', '0', 'system:role:edit', '#', 'admin', '2024-10-20 15:30:07', '', NULL, '');
INSERT INTO `sys_menu` VALUES (1011, '角色删除', 101, 4, '', '', '', 1, 0, 'F', '0', '0', 'system:role:remove', '#', 'admin', '2024-10-20 15:31:51', '', NULL, '');
INSERT INTO `sys_menu` VALUES (1012, '角色导出', 101, 5, '', '', '', 1, 0, 'F', '0', '0', 'system:role:export', '#', 'admin', '2024-10-20 15:32:35', '', NULL, '');
INSERT INTO `sys_menu` VALUES (1013, '菜单查询', 102, 1, '', '', '', 1, 0, 'F', '0', '0', 'system:menu:query', '#', 'admin', '2024-10-20 15:33:19', '', NULL, '');
INSERT INTO `sys_menu` VALUES (1014, '菜单新增', 102, 2, '', '', '', 1, 0, 'F', '0', '0', 'system:menu:add', '#', 'admin', '2024-10-20 15:34:03', '', NULL, '');
INSERT INTO `sys_menu` VALUES (1015, '菜单修改', 102, 3, '', '', '', 1, 0, 'F', '0', '0', 'system:menu:edit', '#', 'admin', '2024-10-20 15:35:47', '', NULL, '');
INSERT INTO `sys_menu` VALUES (1016, '菜单删除', 102, 4, '', '', '', 1, 0, 'F', '0', '0', 'system:menu:remove', '#', 'admin', '2024-10-20 15:36:31', '', NULL, '');
INSERT INTO `sys_menu` VALUES (1017, '部门查询', 103, 1, '', '', '', 1, 0, 'F', '0', '0', 'system:dept:query', '#', 'admin', '2024-10-20 15:37:15', '', NULL, '');
INSERT INTO `sys_menu` VALUES (1018, '部门新增', 103, 2, '', '', '', 1, 0, 'F', '0', '0', 'system:dept:add', '#', 'admin', '2024-10-20 15:38:59', '', NULL, '');
INSERT INTO `sys_menu` VALUES (1019, '部门修改', 103, 3, '', '', '', 1, 0, 'F', '0', '0', 'system:dept:edit', '#', 'admin', '2024-10-20 15:39:43', '', NULL, '');
INSERT INTO `sys_menu` VALUES (1020, '部门删除', 103, 4, '', '', '', 1, 0, 'F', '0', '0', 'system:dept:remove', '#', 'admin', '2024-10-20 15:40:27', '', NULL, '');
INSERT INTO `sys_menu` VALUES (1021, '岗位查询', 104, 1, '', '', '', 1, 0, 'F', '0', '0', 'system:post:query', '#', 'admin', '2024-10-20 15:41:11', '', NULL, '');
INSERT INTO `sys_menu` VALUES (1022, '岗位新增', 104, 2, '', '', '', 1, 0, 'F', '0', '0', 'system:post:add', '#', 'admin', '2024-10-20 15:42:55', '', NULL, '');
INSERT INTO `sys_menu` VALUES (1023, '岗位修改', 104, 3, '', '', '', 1, 0, 'F', '0', '0', 'system:post:edit', '#', 'admin', '2024-10-20 15:43:39', '', NULL, '');
INSERT INTO `sys_menu` VALUES (1024, '岗位删除', 104, 4, '', '', '', 1, 0, 'F', '0', '0', 'system:post:remove', '#', 'admin', '2024-10-20 15:44:23', '', NULL, '');
INSERT INTO `sys_menu` VALUES (1025, '岗位导出', 104, 5, '', '', '', 1, 0, 'F', '0', '0', 'system:post:export', '#', 'admin', '2024-10-20 15:45:07', '', NULL, '');
INSERT INTO `sys_menu` VALUES (1040, '操作查询', 500, 1, '#', '', '', 1, 0, 'F', '0', '0', 'monitor:operlog:query', '#', 'admin', '2024-10-20 15:50:47', '', NULL, '');
INSERT INTO `sys_menu` VALUES (1041, '操作删除', 500, 2, '#', '', '', 1, 0, 'F', '0', '0', 'monitor:operlog:remove', '#', 'admin', '2024-10-20 15:51:31', '', NULL, '');
INSERT INTO `sys_menu` VALUES (1042, '日志导出', 500, 4, '#', '', '', 1, 0, 'F', '0', '0', 'monitor:operlog:export', '#', 'admin', '2024-10-20 15:52:15', '', NULL, '');
INSERT INTO `sys_menu` VALUES (1043, '登录查询', 501, 1, '#', '', '', 1, 0, 'F', '0', '0', 'monitor:logininfor:query', '#', 'admin', '2024-10-20 15:53:59', '', NULL, '');
INSERT INTO `sys_menu` VALUES (1044, '登录删除', 501, 2, '#', '', '', 1, 0, 'F', '0', '0', 'monitor:logininfor:remove', '#', 'admin', '2024-10-20 15:54:43', '', NULL, '');
INSERT INTO `sys_menu` VALUES (1045, '日志导出', 501, 3, '#', '', '', 1, 0, 'F', '0', '0', 'monitor:logininfor:export', '#', 'admin', '2024-10-20 15:55:27', '', NULL, '');
INSERT INTO `sys_menu` VALUES (1046, '在线查询', 109, 1, '#', '', '', 1, 0, 'F', '0', '0', 'monitor:online:query', '#', 'admin', '2024-10-20 15:56:11', '', NULL, '');
INSERT INTO `sys_menu` VALUES (1047, '批量强退', 109, 2, '#', '', '', 1, 0, 'F', '0', '0', 'monitor:online:batchLogout', '#', 'admin', '2024-10-20 15:57:55', '', NULL, '');
INSERT INTO `sys_menu` VALUES (1048, '单条强退', 109, 3, '#', '', '', 1, 0, 'F', '0', '0', 'monitor:online:forceLogout', '#', 'admin', '2024-10-20 15:58:39', '', NULL, '');
INSERT INTO `sys_menu` VALUES (2007, '内容管理', 0, 1, 'cms', NULL, NULL, 1, 0, 'M', '0', '0', NULL, 'documentation', 'admin', '2024-10-20 16:05:47', '', NULL, '');
INSERT INTO `sys_menu` VALUES (2032, '文章管理', 2007, 1, 'blog', 'cms/blog/index', NULL, 1, 0, 'C', '0', '0', 'cms:blog:list', '#', 'admin', '2024-10-20 16:12:55', '', NULL, '文章管理菜单');
INSERT INTO `sys_menu` VALUES (2033, '文章管理查询', 2032, 1, '#', '', NULL, 1, 0, 'F', '0', '0', 'cms:blog:query', '#', 'admin', '2024-10-20 16:13:39', '', NULL, '');
INSERT INTO `sys_menu` VALUES (2034, '文章管理新增', 2032, 2, '#', '', NULL, 1, 0, 'F', '0', '0', 'cms:blog:add', '#', 'admin', '2024-10-20 16:14:23', '', NULL, '');
INSERT INTO `sys_menu` VALUES (2035, '文章管理修改', 2032, 3, '#', '', NULL, 1, 0, 'F', '0', '0', 'cms:blog:edit', '#', 'admin', '2024-10-20 16:15:07', '', NULL, '');
INSERT INTO `sys_menu` VALUES (2036, '文章管理删除', 2032, 4, '#', '', NULL, 1, 0, 'F', '0', '0', 'cms:blog:remove', '#', 'admin', '2024-10-20 16:16:51', '', NULL, '');
INSERT INTO `sys_menu` VALUES (2037, '文章管理导出', 2032, 5, '#', '', NULL, 1, 0, 'F', '0', '0', 'cms:blog:export', '#', 'admin', '2024-10-20 16:17:35', '', NULL, '');
INSERT INTO `sys_menu` VALUES (2038, '公告管理', 2007, 2, 'essay', 'cms/blog/essay', NULL, 1, 0, 'C', '0', '0', 'cms:blog:list', '#', 'admin', '2024-10-20 16:18:19', 'admin', '2024-10-21 03:29:34', '随笔管理菜单');
INSERT INTO `sys_menu` VALUES (2039, '随笔管理查询', 2038, 1, '#', '', NULL, 1, 0, 'F', '0', '0', 'cms:blog:query', '#', 'admin', '2024-10-20 16:19:03', '', NULL, '');
INSERT INTO `sys_menu` VALUES (2040, '随笔管理新增', 2038, 2, '#', '', NULL, 1, 0, 'F', '0', '0', 'cms:blog:add', '#', 'admin', '2024-10-20 16:20:47', '', NULL, '');
INSERT INTO `sys_menu` VALUES (2041, '随笔管理修改', 2038, 3, '#', '', NULL, 1, 0, 'F', '0', '0', 'cms:blog:edit', '#', 'admin', '2024-10-20 16:21:31', '', NULL, '');
INSERT INTO `sys_menu` VALUES (2042, '随笔管理删除', 2038, 4, '#', '', NULL, 1, 0, 'F', '0', '0', 'cms:blog:remove', '#', 'admin', '2024-10-20 16:22:15', '', NULL, '');
INSERT INTO `sys_menu` VALUES (2043, '随笔管理导出', 2038, 5, '#', '', NULL, 1, 0, 'F', '0', '0', 'cms:blog:export', '#', 'admin', '2024-10-20 16:23:59', '', NULL, '');
INSERT INTO `sys_menu` VALUES (2044, '文档管理', 2007, 3, 'doucuments', 'cms/blog/doucuments', NULL, 1, 0, 'C', '0', '1', 'cms:blog:list', '#', 'admin', '2024-10-20 16:24:43', 'admin', '2024-10-20 18:01:09', '文档管理菜单');
INSERT INTO `sys_menu` VALUES (2045, '文档管理查询', 2044, 1, '#', '', NULL, 1, 0, 'F', '0', '0', 'cms:blog:query', '#', 'admin', '2024-10-20 16:25:27', '', NULL, '');
INSERT INTO `sys_menu` VALUES (2046, '文档管理新增', 2044, 2, '#', '', NULL, 1, 0, 'F', '0', '0', 'cms:blog:add', '#', 'admin', '2024-10-20 16:26:11', '', NULL, '');
INSERT INTO `sys_menu` VALUES (2047, '文档管理修改', 2044, 3, '#', '', NULL, 1, 0, 'F', '0', '0', 'cms:blog:edit', '#', 'admin', '2024-10-20 16:27:55', '', NULL, '');
INSERT INTO `sys_menu` VALUES (2048, '文档管理删除', 2044, 4, '#', '', NULL, 1, 0, 'F', '0', '0', 'cms:blog:remove', '#', 'admin', '2024-10-20 16:28:39', '', NULL, '');
INSERT INTO `sys_menu` VALUES (2049, '文档管理导出', 2044, 5, '#', '', NULL, 1, 0, 'F', '0', '0', 'cms:blog:export', '#', 'admin', '2024-10-20 16:29:23', '', NULL, '');
INSERT INTO `sys_menu` VALUES (2050, '标签管理', 2007, 5, 'tag', 'cms/tag/index', NULL, 1, 0, 'C', '0', '0', 'cms:tag:list', '#', 'admin', '2024-10-20 16:30:07', 'admin', '2024-10-20 14:52:31', '标签管理菜单');
INSERT INTO `sys_menu` VALUES (2051, '标签管理查询', 2050, 1, '#', '', NULL, 1, 0, 'F', '0', '0', 'cms:tag:query', '#', 'admin', '2024-10-20 16:31:51', '', NULL, '');
INSERT INTO `sys_menu` VALUES (2052, '标签管理新增', 2050, 2, '#', '', NULL, 1, 0, 'F', '0', '0', 'cms:tag:add', '#', 'admin', '2024-10-20 16:32:35', '', NULL, '');
INSERT INTO `sys_menu` VALUES (2053, '标签管理修改', 2050, 3, '#', '', NULL, 1, 0, 'F', '0', '0', 'cms:tag:edit', '#', 'admin', '2024-10-20 16:33:19', '', NULL, '');
INSERT INTO `sys_menu` VALUES (2054, '标签管理删除', 2050, 4, '#', '', NULL, 1, 0, 'F', '0', '0', 'cms:tag:remove', '#', 'admin', '2024-10-20 16:34:03', '', NULL, '');
INSERT INTO `sys_menu` VALUES (2055, '标签管理导出', 2050, 5, '#', '', NULL, 1, 0, 'F', '0', '0', 'cms:tag:export', '#', 'admin', '2024-10-20 16:35:47', '', NULL, '');
INSERT INTO `sys_menu` VALUES (2056, '分类管理', 2007, 4, 'type', 'cms/type/index', NULL, 1, 0, 'C', '0', '0', 'cms:type:list', '#', 'admin', '2024-10-20 16:36:31', 'admin', '2024-10-20 15:05:03', '分类管理菜单');
INSERT INTO `sys_menu` VALUES (2057, '分类管理查询', 2056, 1, '#', '', NULL, 1, 0, 'F', '0', '0', 'cms:type:query', '#', 'admin', '2024-10-20 16:37:15', '', NULL, '');
INSERT INTO `sys_menu` VALUES (2058, '分类管理新增', 2056, 2, '#', '', NULL, 1, 0, 'F', '0', '0', 'cms:type:add', '#', 'admin', '2024-10-20 16:38:59', '', NULL, '');
INSERT INTO `sys_menu` VALUES (2059, '分类管理修改', 2056, 3, '#', '', NULL, 1, 0, 'F', '0', '0', 'cms:type:edit', '#', 'admin', '2024-10-20 16:39:43', '', NULL, '');
INSERT INTO `sys_menu` VALUES (2060, '分类管理删除', 2056, 4, '#', '', NULL, 1, 0, 'F', '0', '0', 'cms:type:remove', '#', 'admin', '2024-10-20 16:40:28', '', NULL, '');
INSERT INTO `sys_menu` VALUES (2061, '分类管理导出', 2056, 5, '#', '', NULL, 1, 0, 'F', '0', '0', 'cms:type:export', '#', 'admin', '2024-10-20 16:41:02', '', NULL, '');
INSERT INTO `sys_menu` VALUES (2062, '论坛管理', 2007, 6, 'message', 'cms/message/index', NULL, 1, 0, 'C', '0', '0', 'cms:message:list', '#', 'admin', '2024-10-20 16:42:46', 'admin', '2024-10-21 03:29:56', '留言管理菜单');
INSERT INTO `sys_menu` VALUES (2063, '留言管理查询', 2062, 1, '#', '', NULL, 1, 0, 'F', '0', '0', 'cms:message:query', '#', 'admin', '2024-10-20 16:43:30', '', NULL, '');
INSERT INTO `sys_menu` VALUES (2064, '留言管理新增', 2062, 2, '#', '', NULL, 1, 0, 'F', '0', '0', 'cms:message:add', '#', 'admin', '2024-10-20 16:44:14', '', NULL, '');
INSERT INTO `sys_menu` VALUES (2065, '留言管理修改', 2062, 3, '#', '', NULL, 1, 0, 'F', '0', '0', 'cms:message:edit', '#', 'admin', '2024-10-20 16:45:58', '', NULL, '');
INSERT INTO `sys_menu` VALUES (2066, '留言管理删除', 2062, 4, '#', '', NULL, 1, 0, 'F', '0', '0', 'cms:message:remove', '#', 'admin', '2024-10-20 16:46:42', '', NULL, '');
INSERT INTO `sys_menu` VALUES (2067, '留言管理导出', 2062, 5, '#', '', NULL, 1, 0, 'F', '0', '0', 'cms:message:export', '#', 'admin', '2024-10-20 16:47:26', '', NULL, '');
INSERT INTO `sys_menu` VALUES (2068, '评论管理', 2007, 7, 'comment', 'cms/comment/index', NULL, 1, 0, 'C', '0', '0', 'cms:comment:list', '#', 'admin', '2024-10-20 16:48:10', 'admin', '2024-10-20 10:28:24', '评论管理菜单');
INSERT INTO `sys_menu` VALUES (2069, '评论管理查询', 2068, 1, '#', '', NULL, 1, 0, 'F', '0', '0', 'cms:comment:query', '#', 'admin', '2024-10-20 16:49:54', '', NULL, '');
INSERT INTO `sys_menu` VALUES (2070, '评论管理新增', 2068, 2, '#', '', NULL, 1, 0, 'F', '0', '0', 'cms:comment:add', '#', 'admin', '2024-10-20 16:50:38', '', NULL, '');
INSERT INTO `sys_menu` VALUES (2071, '评论管理修改', 2068, 3, '#', '', NULL, 1, 0, 'F', '0', '0', 'cms:comment:edit', '#', 'admin', '2024-10-20 16:51:22', '', NULL, '');
INSERT INTO `sys_menu` VALUES (2072, '评论管理删除', 2068, 4, '#', '', NULL, 1, 0, 'F', '0', '0', 'cms:comment:remove', '#', 'admin', '2024-10-20 16:53:06', '', NULL, '');
INSERT INTO `sys_menu` VALUES (2073, '评论管理导出', 2068, 5, '#', '', NULL, 1, 0, 'F', '0', '0', 'cms:comment:export', '#', 'admin', '2024-10-20 16:53:50', '', NULL, '');

-- ----------------------------
-- Table structure for sys_notice
-- ----------------------------
DROP TABLE IF EXISTS `sys_notice`;
CREATE TABLE `sys_notice`  (
  `notice_id` int(4) NOT NULL AUTO_INCREMENT COMMENT '公告ID',
  `notice_title` varchar(50) CHARACTER SET utf8mb4 COLLATE utf8mb4_general_ci NOT NULL COMMENT '公告标题',
  `notice_type` char(1) CHARACTER SET utf8mb4 COLLATE utf8mb4_general_ci NOT NULL COMMENT '公告类型（1通知 2公告）',
  `notice_content` longblob NULL COMMENT '公告内容',
  `status` char(1) CHARACTER SET utf8mb4 COLLATE utf8mb4_general_ci NULL DEFAULT '0' COMMENT '公告状态（0正常 1关闭）',
  `create_by` varchar(64) CHARACTER SET utf8mb4 COLLATE utf8mb4_general_ci NULL DEFAULT '' COMMENT '创建者',
  `create_time` datetime NULL DEFAULT NULL COMMENT '创建时间',
  `update_by` varchar(64) CHARACTER SET utf8mb4 COLLATE utf8mb4_general_ci NULL DEFAULT '' COMMENT '更新者',
  `update_time` datetime NULL DEFAULT NULL COMMENT '更新时间',
  `remark` varchar(255) CHARACTER SET utf8mb4 COLLATE utf8mb4_general_ci NULL DEFAULT NULL COMMENT '备注',
  PRIMARY KEY (`notice_id`) USING BTREE
) ENGINE = InnoDB AUTO_INCREMENT = 3 CHARACTER SET = utf8mb4 COLLATE = utf8mb4_general_ci COMMENT = '通知公告表' ROW_FORMAT = DYNAMIC;

-- ----------------------------
-- Records of sys_notice
-- ----------------------------

-- ----------------------------
-- Table structure for sys_notice_file
-- ----------------------------
DROP TABLE IF EXISTS `sys_notice_file`;
CREATE TABLE `sys_notice_file`  (
  `file_id` bigint(20) NOT NULL COMMENT '文件ID',
  `notice_id` bigint(20) NOT NULL COMMENT '通知公告ID',
  PRIMARY KEY (`file_id`, `notice_id`) USING BTREE
) ENGINE = InnoDB CHARACTER SET = utf8mb4 COLLATE = utf8mb4_general_ci COMMENT = '通知公告文件表' ROW_FORMAT = DYNAMIC;

-- ----------------------------
-- Records of sys_notice_file
-- ----------------------------

-- ----------------------------
-- Table structure for sys_oper_log
-- ----------------------------
DROP TABLE IF EXISTS `sys_oper_log`;
CREATE TABLE `sys_oper_log`  (
  `oper_id` bigint(20) NOT NULL AUTO_INCREMENT COMMENT '日志主键',
  `title` varchar(50) CHARACTER SET utf8mb4 COLLATE utf8mb4_general_ci NULL DEFAULT '' COMMENT '模块标题',
  `business_type` int(2) NULL DEFAULT 0 COMMENT '业务类型（0其它 1新增 2修改 3删除）',
  `method` varchar(100) CHARACTER SET utf8mb4 COLLATE utf8mb4_general_ci NULL DEFAULT '' COMMENT '方法名称',
  `request_method` varchar(10) CHARACTER SET utf8mb4 COLLATE utf8mb4_general_ci NULL DEFAULT '' COMMENT '请求方式',
  `operator_type` int(1) NULL DEFAULT 0 COMMENT '操作类别（0其它 1后台用户 2手机端用户）',
  `oper_name` varchar(50) CHARACTER SET utf8mb4 COLLATE utf8mb4_general_ci NULL DEFAULT '' COMMENT '操作人员',
  `dept_name` varchar(50) CHARACTER SET utf8mb4 COLLATE utf8mb4_general_ci NULL DEFAULT '' COMMENT '部门名称',
  `oper_url` varchar(255) CHARACTER SET utf8mb4 COLLATE utf8mb4_general_ci NULL DEFAULT '' COMMENT '请求URL',
  `oper_ip` varchar(128) CHARACTER SET utf8mb4 COLLATE utf8mb4_general_ci NULL DEFAULT '' COMMENT '主机地址',
  `oper_location` varchar(255) CHARACTER SET utf8mb4 COLLATE utf8mb4_general_ci NULL DEFAULT '' COMMENT '操作地点',
  `oper_param` varchar(2000) CHARACTER SET utf8mb4 COLLATE utf8mb4_general_ci NULL DEFAULT '' COMMENT '请求参数',
  `json_result` varchar(2000) CHARACTER SET utf8mb4 COLLATE utf8mb4_general_ci NULL DEFAULT '' COMMENT '返回参数',
  `status` int(1) NULL DEFAULT 0 COMMENT '操作状态（0正常 1异常）',
  `error_msg` varchar(2000) CHARACTER SET utf8mb4 COLLATE utf8mb4_general_ci NULL DEFAULT '' COMMENT '错误消息',
  `oper_time` datetime NULL DEFAULT NULL COMMENT '操作时间',
  PRIMARY KEY (`oper_id`) USING BTREE
) ENGINE = InnoDB AUTO_INCREMENT = 5 CHARACTER SET = utf8mb4 COLLATE = utf8mb4_general_ci COMMENT = '操作日志记录' ROW_FORMAT = DYNAMIC;

-- ----------------------------
-- Records of sys_oper_log
-- ----------------------------
INSERT INTO `sys_oper_log` VALUES (1, '操作日志', 9, 'com.ruoyi.web.controller.monitor.SysOperlogController.clean()', 'DELETE', 1, 'admin', NULL, '/monitor/operlog/clean', '127.0.0.1', '内网IP', '{}', '{\"msg\":\"操作成功\",\"code\":200}', 0, NULL, '2024-10-23 21:41:58');
INSERT INTO `sys_oper_log` VALUES (2, '文章管理', 1, 'com.ruoyi.cms.blog.controller.CmsBlogController.add()', 'POST', 1, 'admin', NULL, '/cms/blog', '127.0.0.1', '内网IP', '{\"tagIds\":[28],\"title\":\"java怎么学\",\"type\":\"1\",\"content\":\"<p>好好学</p>\",\"top\":\"0\",\"contentType\":\"1\",\"blogPicLink\":\"data:image/jpeg;base64,/9j/4AAQSkZJRgABAQAAAQABAAD/2wBDAAsJCQcJCQcJCQkJCwkJCQkJCQsJCwsMCwsLDA0QDBEODQ4MEhkSJRodJR0ZHxwpKRYlNzU2GioyPi0pMBk7IRP/2wBDAQcICAsJCxULCxUsHRkdLCwsLCwsLCwsLCwsLCwsLCwsLCwsLCwsLCwsLCwsLCwsLCwsLCwsLCwsLCwsLCwsLCz/wAARCAD7AbQDASIAAhEBAxEB/8QAGwAAAQUBAQAAAAAAAAAAAAAAAgABAwQFBgf/xABKEAACAQMDAgQEAwQHBQYEBwABAgMABBEFEiExQQYTIlEUYXGBMpGhFSNCsQcWJDNSwfBDYnLR8SU0Y4Ki4TVEo7JVc5OztMLD/8QAGQEAAwEBAQAAAAAAAAAAAAAAAAECAwQF/8QAJhEAAgICAgMAAgMBAQEAAAAAAAECEQMSITETQVEiYQQykRRiof/aAAwDAQACEQMRAD8A85ol70gATycfWpCoBxwQflwR966kcgtjjDFJNpHUo+388YptjMcBWJx0wc/cGu/065v5tM0poIbeRBaRxM0txJG5eLMTDCoy44rA1qN49TmeSNFe6topnWN2KqTHtbawAzyMdK38fBl5Oejn9jdNrfl/nSWN2HA6cHNW9pZWCsQRCsqrv25XgNyfvTtBbljEshHlzqhdskOr87gAOopeJj8iKohJDHIUL+LJJI+eKHaFIwwIBGCKuxJbSPOgEjf2dx6mUEPHhs5P0qJ0iOWLOFEaNkhSxZie4wMUPH8BZEV8AsfnzSKgDjHX/FmrHkLxucKSzRp6c5IAbk0MMBn+J2kAwW8lxg59YjKgjj65+1To1wVumhEPsbKkZT8RIwQPbFP5jEDDonG0gglvtVpNLdvNZ7u2hhihs5jJN5hBW6XKBQo+xqe30eT998S8COYb9LaHzG86Sa3TcJIwBtK9cc85qtH8J3iZa+WN24vyCMKBz88mkrKhOFzkYG48/pWhbaTLObQm4tAkrW4mCTq0tsk/CNMuMDJwOvGai/Zt63xgjWJvhpZLc/vYwZZU6rCCcsR3wKNJBvEqA+oNtxjkAfl3ocVtyafpnm29pCb0XNzaxTwTM8clu7SReYAVVc4zkfi4qvc6XdwRC5WCZrFooZRcbVxh154BzgHjOKfjdWJZEZmKfbWxHo+otKyfBTAiBrkLKCGaMKG3AL3+VVobSWXysJJGk0yxJK8TeSCW2/jpaMN0UtppbWGev3rTmsIbeOWaO4iulhl8ubYskRgOcZYN1HzqLDo7AKV81A6BlJY5GRgMM89qejQKafRTWIsDjkj+EZzSMbA4bIPbirQWQONxCu6tjcQpH50LKCgO9Sy5BAJLYo1DYhKBSpOcEAkfWk6YY+x5H0qcqHUMOqjDf8zScDKj2UA/WhxBSK+2iKehfqelSbacArkEdeoPY0qHZBtpbamKEYyOoyPmPeltoodkO2ltqbbS20qCyHbTban20OKKCyHbS2ip9tDtpUFkO2ltqbbTbaKHZCVNNtqYrTbaQWQ7TTYqYrTFaBkRFNipStNtpUFkWKYipSp4602KKHZHimxUuD7UtjdcUqCyLFLFS7aQQd6dBZFgU4GakAGcdabnOQMUACFzn3ApsVImdyn3piOT9aKAEDkUzDr9aPGOaZsHkd6QiPFKipVJYgM9akLA9FIPTOf8hUYqRUZugzj5gVSILcWpahbokUN5NCiZKokjKoJOeB0oZb27uJEmmuXmljUKjSMHKqDnGa2fDL4fU4fhVuWMcEqRfugx2uUYhpQR3FX9etnl05pRphtDb3MDM+bc71kDIQTFg9dp5Het+WjK0mciJJQpTPpOeMAnDdeetIvJ6ueW25O', NULL, 1, '\r\n### Error updating database.  Cause: com.mysql.cj.jdbc.exceptions.MysqlDataTruncation: Data truncation: Data too long for column \'blog_pic_link\' at row 1\r\n### The error may exist in file [D:\\Completed the actual battle\\vue-blog-master\\vue-blog-master\\blog-cms\\target\\classes\\mapper\\cms\\CmsBlogMapper.xml]\r\n### The error may involve com.ruoyi.cms.blog.mapper.CmsBlogMapper.insertCmsBlog-Inline\r\n### The error occurred while setting parameters\r\n### SQL: insert into cms_blog          ( create_by,             create_time,                                       title,             type,             content,             content_type,                          Top,                          status,             blog_pic_type,                          blog_pic_link )           values ( ?,             ?,                                       ?,             ?,             ?,             ?,                          ?,                          ?,             ?,                          ? )\r\n### Cause: com.mysql.cj.jdbc.exceptions.MysqlDataTruncation: Data truncation: Data too long for column \'blog_pic_link\' at row 1\n; Data truncation: Data too long for column \'blog_pic_link\' at row 1; nested exception is com.mysql.cj.jdbc.exceptions.MysqlDataTruncation: Data truncation: Data too long for column \'blog_pic_link\' at row 1', '2024-10-23 21:43:11');
INSERT INTO `sys_oper_log` VALUES (3, '文章管理', 1, 'com.ruoyi.cms.blog.controller.CmsBlogController.add()', 'POST', 1, 'admin', NULL, '/cms/blog', '127.0.0.1', '内网IP', '{\"tagIds\":[28],\"title\":\"java怎么学\",\"type\":\"1\",\"content\":\"<p>好好学</p>\",\"top\":\"0\",\"id\":39,\"contentType\":\"1\",\"blogPicLink\":\"https://tse4-mm.cn.bing.net/th/id/OIP-C.n8pa_ux7uUyU9CJrzb1scAHaHa?rs=1&pid=ImgDetMain\",\"blogPicType\":\"0\",\"params\":{},\"createBy\":\"admin\",\"createTime\":1729691015113,\"typeIds\":[21],\"status\":\"1\"}', '{\"msg\":\"操作成功\",\"code\":200,\"data\":39}', 0, NULL, '2024-10-23 21:43:35');
INSERT INTO `sys_oper_log` VALUES (4, '评论管理', 3, 'com.ruoyi.cms.comment.controller.CmsCommentController.remove()', 'DELETE', 1, 'admin', NULL, '/cms/comment/12', '127.0.0.1', '内网IP', '{ids=12}', '{\"msg\":\"操作成功\",\"code\":200}', 0, NULL, '2024-10-23 21:44:18');

-- ----------------------------
-- Table structure for sys_post
-- ----------------------------
DROP TABLE IF EXISTS `sys_post`;
CREATE TABLE `sys_post`  (
  `post_id` bigint(20) NOT NULL AUTO_INCREMENT COMMENT '岗位ID',
  `post_code` varchar(64) CHARACTER SET utf8mb4 COLLATE utf8mb4_general_ci NOT NULL COMMENT '岗位编码',
  `post_name` varchar(50) CHARACTER SET utf8mb4 COLLATE utf8mb4_general_ci NOT NULL COMMENT '岗位名称',
  `post_sort` int(4) NOT NULL COMMENT '显示顺序',
  `status` char(1) CHARACTER SET utf8mb4 COLLATE utf8mb4_general_ci NOT NULL COMMENT '状态（0正常 1停用）',
  `create_by` varchar(64) CHARACTER SET utf8mb4 COLLATE utf8mb4_general_ci NULL DEFAULT '' COMMENT '创建者',
  `create_time` datetime NULL DEFAULT NULL COMMENT '创建时间',
  `update_by` varchar(64) CHARACTER SET utf8mb4 COLLATE utf8mb4_general_ci NULL DEFAULT '' COMMENT '更新者',
  `update_time` datetime NULL DEFAULT NULL COMMENT '更新时间',
  `remark` varchar(500) CHARACTER SET utf8mb4 COLLATE utf8mb4_general_ci NULL DEFAULT NULL COMMENT '备注',
  PRIMARY KEY (`post_id`) USING BTREE
) ENGINE = InnoDB AUTO_INCREMENT = 5 CHARACTER SET = utf8mb4 COLLATE = utf8mb4_general_ci COMMENT = '岗位信息表' ROW_FORMAT = DYNAMIC;

-- ----------------------------
-- Records of sys_post
-- ----------------------------
INSERT INTO `sys_post` VALUES (1, 'boss', '校长', 1, '0', 'admin', '2024-10-01 14:12:20', 'admin', '2024-10-21 23:41:59', '');
INSERT INTO `sys_post` VALUES (2, 'Deam', '院长', 2, '0', 'admin', '2024-10-20 16:12:14', 'admin', '2024-10-20 14:19:14', '');
INSERT INTO `sys_post` VALUES (3, 'teacher', '教师', 3, '0', 'admin', '2024-10-20 14:18:16', 'admin', '2024-10-20 16:27:39', '');
INSERT INTO `sys_post` VALUES (4, 'Student', '学生', 4, '0', 'admin', '2024-10-20 14:12:20', 'admin', '2024-10-20 14:19:27', '');

-- ----------------------------
-- Table structure for sys_role
-- ----------------------------
DROP TABLE IF EXISTS `sys_role`;
CREATE TABLE `sys_role`  (
  `role_id` bigint(20) NOT NULL AUTO_INCREMENT COMMENT '角色ID',
  `role_name` varchar(30) CHARACTER SET utf8mb4 COLLATE utf8mb4_general_ci NOT NULL COMMENT '角色名称',
  `role_key` varchar(100) CHARACTER SET utf8mb4 COLLATE utf8mb4_general_ci NOT NULL COMMENT '角色权限字符串',
  `role_sort` int(4) NOT NULL COMMENT '显示顺序',
  `data_scope` char(1) CHARACTER SET utf8mb4 COLLATE utf8mb4_general_ci NULL DEFAULT '1' COMMENT '数据范围（1：全部数据权限 2：自定数据权限 3：本部门数据权限 4：本部门及以下数据权限）',
  `menu_check_strictly` tinyint(1) NULL DEFAULT 1 COMMENT '菜单树选择项是否关联显示',
  `dept_check_strictly` tinyint(1) NULL DEFAULT 1 COMMENT '部门树选择项是否关联显示',
  `status` char(1) CHARACTER SET utf8mb4 COLLATE utf8mb4_general_ci NOT NULL COMMENT '角色状态（0正常 1停用）',
  `del_flag` char(1) CHARACTER SET utf8mb4 COLLATE utf8mb4_general_ci NULL DEFAULT '0' COMMENT '删除标志（0代表存在 2代表删除）',
  `create_by` varchar(64) CHARACTER SET utf8mb4 COLLATE utf8mb4_general_ci NULL DEFAULT '' COMMENT '创建者',
  `create_time` datetime NULL DEFAULT NULL COMMENT '创建时间',
  `update_by` varchar(64) CHARACTER SET utf8mb4 COLLATE utf8mb4_general_ci NULL DEFAULT '' COMMENT '更新者',
  `update_time` datetime NULL DEFAULT NULL COMMENT '更新时间',
  `remark` varchar(500) CHARACTER SET utf8mb4 COLLATE utf8mb4_general_ci NULL DEFAULT NULL COMMENT '备注',
  PRIMARY KEY (`role_id`) USING BTREE
) ENGINE = InnoDB AUTO_INCREMENT = 4 CHARACTER SET = utf8mb4 COLLATE = utf8mb4_general_ci COMMENT = '角色信息表' ROW_FORMAT = DYNAMIC;

-- ----------------------------
-- Records of sys_role
-- ----------------------------
INSERT INTO `sys_role` VALUES (1, '超级管理员', 'admin', 1, '1', 1, 1, '0', '0', 'admin', '2024-10-20 05:24:16', '', NULL, '超级管理员');
INSERT INTO `sys_role` VALUES (2, '普通角色', 'common', 2, '2', 1, 1, '0', '0', 'admin', '2024-10-20 05:54:17', 'admin', '2024-10-20 10:35:26', '普通角色');
INSERT INTO `sys_role` VALUES (3, '内容管理员角色', 'cms', 3, '1', 1, 1, '0', '0', 'admin', '2024-10-20 07:32:39', 'admin', '2024-10-20 14:27:52', NULL);

-- ----------------------------
-- Table structure for sys_role_dept
-- ----------------------------
DROP TABLE IF EXISTS `sys_role_dept`;
CREATE TABLE `sys_role_dept`  (
  `role_id` bigint(20) NOT NULL COMMENT '角色ID',
  `dept_id` bigint(20) NOT NULL COMMENT '部门ID',
  PRIMARY KEY (`role_id`, `dept_id`) USING BTREE
) ENGINE = InnoDB CHARACTER SET = utf8mb4 COLLATE = utf8mb4_general_ci COMMENT = '角色和部门关联表' ROW_FORMAT = DYNAMIC;

-- ----------------------------
-- Records of sys_role_dept
-- ----------------------------
INSERT INTO `sys_role_dept` VALUES (2, 100);
INSERT INTO `sys_role_dept` VALUES (2, 101);
INSERT INTO `sys_role_dept` VALUES (2, 105);

-- ----------------------------
-- Table structure for sys_role_menu
-- ----------------------------
DROP TABLE IF EXISTS `sys_role_menu`;
CREATE TABLE `sys_role_menu`  (
  `role_id` bigint(20) NOT NULL COMMENT '角色ID',
  `menu_id` bigint(20) NOT NULL COMMENT '菜单ID',
  PRIMARY KEY (`role_id`, `menu_id`) USING BTREE
) ENGINE = InnoDB CHARACTER SET = utf8mb4 COLLATE = utf8mb4_general_ci COMMENT = '角色和菜单关联表' ROW_FORMAT = DYNAMIC;

-- ----------------------------
-- Records of sys_role_menu
-- ----------------------------
INSERT INTO `sys_role_menu` VALUES (2, 4);
INSERT INTO `sys_role_menu` VALUES (2, 2007);
INSERT INTO `sys_role_menu` VALUES (2, 2026);
INSERT INTO `sys_role_menu` VALUES (2, 2027);
INSERT INTO `sys_role_menu` VALUES (2, 2028);
INSERT INTO `sys_role_menu` VALUES (2, 2029);
INSERT INTO `sys_role_menu` VALUES (2, 2030);
INSERT INTO `sys_role_menu` VALUES (2, 2031);
INSERT INTO `sys_role_menu` VALUES (2, 2032);
INSERT INTO `sys_role_menu` VALUES (2, 2033);
INSERT INTO `sys_role_menu` VALUES (2, 2034);
INSERT INTO `sys_role_menu` VALUES (2, 2035);
INSERT INTO `sys_role_menu` VALUES (2, 2036);
INSERT INTO `sys_role_menu` VALUES (2, 2037);
INSERT INTO `sys_role_menu` VALUES (2, 2039);
INSERT INTO `sys_role_menu` VALUES (2, 2040);
INSERT INTO `sys_role_menu` VALUES (2, 2041);
INSERT INTO `sys_role_menu` VALUES (2, 2042);
INSERT INTO `sys_role_menu` VALUES (2, 2043);
INSERT INTO `sys_role_menu` VALUES (2, 2044);
INSERT INTO `sys_role_menu` VALUES (2, 2045);
INSERT INTO `sys_role_menu` VALUES (2, 2046);
INSERT INTO `sys_role_menu` VALUES (2, 2047);
INSERT INTO `sys_role_menu` VALUES (2, 2048);
INSERT INTO `sys_role_menu` VALUES (2, 2049);
INSERT INTO `sys_role_menu` VALUES (2, 2050);
INSERT INTO `sys_role_menu` VALUES (2, 2051);
INSERT INTO `sys_role_menu` VALUES (2, 2052);
INSERT INTO `sys_role_menu` VALUES (2, 2053);
INSERT INTO `sys_role_menu` VALUES (2, 2054);
INSERT INTO `sys_role_menu` VALUES (2, 2055);
INSERT INTO `sys_role_menu` VALUES (2, 2056);
INSERT INTO `sys_role_menu` VALUES (2, 2057);
INSERT INTO `sys_role_menu` VALUES (2, 2058);
INSERT INTO `sys_role_menu` VALUES (2, 2059);
INSERT INTO `sys_role_menu` VALUES (2, 2060);
INSERT INTO `sys_role_menu` VALUES (2, 2061);
INSERT INTO `sys_role_menu` VALUES (2, 2062);
INSERT INTO `sys_role_menu` VALUES (2, 2063);
INSERT INTO `sys_role_menu` VALUES (2, 2064);
INSERT INTO `sys_role_menu` VALUES (2, 2065);
INSERT INTO `sys_role_menu` VALUES (2, 2066);
INSERT INTO `sys_role_menu` VALUES (2, 2067);
INSERT INTO `sys_role_menu` VALUES (3, 4);
INSERT INTO `sys_role_menu` VALUES (3, 2007);
INSERT INTO `sys_role_menu` VALUES (3, 2026);
INSERT INTO `sys_role_menu` VALUES (3, 2027);
INSERT INTO `sys_role_menu` VALUES (3, 2028);
INSERT INTO `sys_role_menu` VALUES (3, 2029);
INSERT INTO `sys_role_menu` VALUES (3, 2030);
INSERT INTO `sys_role_menu` VALUES (3, 2031);
INSERT INTO `sys_role_menu` VALUES (3, 2032);
INSERT INTO `sys_role_menu` VALUES (3, 2033);
INSERT INTO `sys_role_menu` VALUES (3, 2034);
INSERT INTO `sys_role_menu` VALUES (3, 2035);
INSERT INTO `sys_role_menu` VALUES (3, 2036);
INSERT INTO `sys_role_menu` VALUES (3, 2037);
INSERT INTO `sys_role_menu` VALUES (3, 2038);
INSERT INTO `sys_role_menu` VALUES (3, 2039);
INSERT INTO `sys_role_menu` VALUES (3, 2040);
INSERT INTO `sys_role_menu` VALUES (3, 2041);
INSERT INTO `sys_role_menu` VALUES (3, 2042);
INSERT INTO `sys_role_menu` VALUES (3, 2043);
INSERT INTO `sys_role_menu` VALUES (3, 2044);
INSERT INTO `sys_role_menu` VALUES (3, 2045);
INSERT INTO `sys_role_menu` VALUES (3, 2046);
INSERT INTO `sys_role_menu` VALUES (3, 2047);
INSERT INTO `sys_role_menu` VALUES (3, 2048);
INSERT INTO `sys_role_menu` VALUES (3, 2049);
INSERT INTO `sys_role_menu` VALUES (3, 2050);
INSERT INTO `sys_role_menu` VALUES (3, 2051);
INSERT INTO `sys_role_menu` VALUES (3, 2052);
INSERT INTO `sys_role_menu` VALUES (3, 2053);
INSERT INTO `sys_role_menu` VALUES (3, 2054);
INSERT INTO `sys_role_menu` VALUES (3, 2055);
INSERT INTO `sys_role_menu` VALUES (3, 2056);
INSERT INTO `sys_role_menu` VALUES (3, 2057);
INSERT INTO `sys_role_menu` VALUES (3, 2058);
INSERT INTO `sys_role_menu` VALUES (3, 2059);
INSERT INTO `sys_role_menu` VALUES (3, 2060);
INSERT INTO `sys_role_menu` VALUES (3, 2061);
INSERT INTO `sys_role_menu` VALUES (3, 2062);
INSERT INTO `sys_role_menu` VALUES (3, 2063);
INSERT INTO `sys_role_menu` VALUES (3, 2064);
INSERT INTO `sys_role_menu` VALUES (3, 2065);
INSERT INTO `sys_role_menu` VALUES (3, 2066);
INSERT INTO `sys_role_menu` VALUES (3, 2067);
INSERT INTO `sys_role_menu` VALUES (3, 2068);
INSERT INTO `sys_role_menu` VALUES (3, 2069);
INSERT INTO `sys_role_menu` VALUES (3, 2070);
INSERT INTO `sys_role_menu` VALUES (3, 2071);
INSERT INTO `sys_role_menu` VALUES (3, 2072);
INSERT INTO `sys_role_menu` VALUES (3, 2073);

-- ----------------------------
-- Table structure for sys_user
-- ----------------------------
DROP TABLE IF EXISTS `sys_user`;
CREATE TABLE `sys_user`  (
  `user_id` bigint(20) NOT NULL AUTO_INCREMENT COMMENT '用户ID',
  `dept_id` bigint(20) NULL DEFAULT NULL COMMENT '部门ID',
  `user_name` varchar(30) CHARACTER SET utf8mb4 COLLATE utf8mb4_general_ci NOT NULL COMMENT '用户账号',
  `nick_name` varchar(30) CHARACTER SET utf8mb4 COLLATE utf8mb4_general_ci NOT NULL COMMENT '用户昵称',
  `user_type` varchar(2) CHARACTER SET utf8mb4 COLLATE utf8mb4_general_ci NULL DEFAULT '00' COMMENT '用户类型（00系统用户）',
  `email` varchar(50) CHARACTER SET utf8mb4 COLLATE utf8mb4_general_ci NULL DEFAULT '' COMMENT '用户邮箱',
  `phonenumber` varchar(11) CHARACTER SET utf8mb4 COLLATE utf8mb4_general_ci NULL DEFAULT '' COMMENT '手机号码',
  `sex` char(1) CHARACTER SET utf8mb4 COLLATE utf8mb4_general_ci NULL DEFAULT '0' COMMENT '用户性别（0男 1女 2未知）',
  `avatar` varchar(100) CHARACTER SET utf8mb4 COLLATE utf8mb4_general_ci NULL DEFAULT '' COMMENT '头像地址',
  `password` varchar(100) CHARACTER SET utf8mb4 COLLATE utf8mb4_general_ci NULL DEFAULT '' COMMENT '密码',
  `status` char(1) CHARACTER SET utf8mb4 COLLATE utf8mb4_general_ci NULL DEFAULT '0' COMMENT '帐号状态（0正常 1停用）',
  `del_flag` char(1) CHARACTER SET utf8mb4 COLLATE utf8mb4_general_ci NULL DEFAULT '0' COMMENT '删除标志（0代表存在 2代表删除）',
  `login_ip` varchar(128) CHARACTER SET utf8mb4 COLLATE utf8mb4_general_ci NULL DEFAULT '' COMMENT '最后登录IP',
  `login_date` datetime NULL DEFAULT NULL COMMENT '最后登录时间',
  `create_by` varchar(64) CHARACTER SET utf8mb4 COLLATE utf8mb4_general_ci NULL DEFAULT '' COMMENT '创建者',
  `create_time` datetime NULL DEFAULT NULL COMMENT '创建时间',
  `update_by` varchar(64) CHARACTER SET utf8mb4 COLLATE utf8mb4_general_ci NULL DEFAULT '' COMMENT '更新者',
  `update_time` datetime NULL DEFAULT NULL COMMENT '更新时间',
  `remark` varchar(500) CHARACTER SET utf8mb4 COLLATE utf8mb4_general_ci NULL DEFAULT NULL COMMENT '备注',
  PRIMARY KEY (`user_id`) USING BTREE
) ENGINE = InnoDB AUTO_INCREMENT = 4 CHARACTER SET = utf8mb4 COLLATE = utf8mb4_general_ci COMMENT = '用户信息表' ROW_FORMAT = DYNAMIC;

-- ----------------------------
-- Records of sys_user
-- ----------------------------
INSERT INTO `sys_user` VALUES (1, 103, 'admin', 'admin', '00', 'zhichaozhuang85@gmail.com', '13719893673', '0', '/profile/avatar/2024/10/20/1485ec35-2508-42af-bf37-d8ef70149fc6.jpeg', '$2a$10$7JB720yubVSZvUI0rEqK/.VqGOZTH.ulu33dHOiBE8ByOhJIrdAu2', '0', '0', '127.0.0.1', '2024-10-23 21:40:28', 'admin', '2024-10-02 16:12:14', '', '2024-10-23 21:40:28', '管理员');
INSERT INTO `sys_user` VALUES (2, 110, 'zzc', 'zzc', '00', '1913177905@qq.com', '15666666666', '0', '', '$2a$10$824HoRUuGXB3z/.Ei8jVy.LNBinXUc5iZM2alU7zqgWE4RSpFkyuW', '0', '0', '127.0.0.1', '2022-04-22 17:28:20', 'admin', '2024-10-20 16:12:19', 'admin', '2024-10-20 16:28:39', '测试员');
INSERT INTO `sys_user` VALUES (3, 104, 'lz', 'lz', '00', 'lz@qq.com', '15725396981', '0', '/profile/avatar/2024/10/21/c5951a4f-baef-401b-8e7d-5dcdc0d67c60.jpeg', '$2a$10$RiljojG/OaqVH6zssp1EbOc3INh0OYnmkn7Xwk0ShbKaTR4JPxfz2', '0', '0', '127.0.0.1', '2024-10-23 21:31:41', '', '2024-10-21 03:31:25', 'admin', '2024-10-23 21:31:41', NULL);

-- ----------------------------
-- Table structure for sys_user_post
-- ----------------------------
DROP TABLE IF EXISTS `sys_user_post`;
CREATE TABLE `sys_user_post`  (
  `user_id` bigint(20) NOT NULL COMMENT '用户ID',
  `post_id` bigint(20) NOT NULL COMMENT '岗位ID',
  PRIMARY KEY (`user_id`, `post_id`) USING BTREE
) ENGINE = InnoDB CHARACTER SET = utf8mb4 COLLATE = utf8mb4_general_ci COMMENT = '用户与岗位关联表' ROW_FORMAT = DYNAMIC;

-- ----------------------------
-- Records of sys_user_post
-- ----------------------------
INSERT INTO `sys_user_post` VALUES (1, 1);
INSERT INTO `sys_user_post` VALUES (2, 4);
INSERT INTO `sys_user_post` VALUES (3, 4);

-- ----------------------------
-- Table structure for sys_user_role
-- ----------------------------
DROP TABLE IF EXISTS `sys_user_role`;
CREATE TABLE `sys_user_role`  (
  `user_id` bigint(20) NOT NULL COMMENT '用户ID',
  `role_id` bigint(20) NOT NULL COMMENT '角色ID',
  PRIMARY KEY (`user_id`, `role_id`) USING BTREE
) ENGINE = InnoDB CHARACTER SET = utf8mb4 COLLATE = utf8mb4_general_ci COMMENT = '用户和角色关联表' ROW_FORMAT = DYNAMIC;

-- ----------------------------
-- Records of sys_user_role
-- ----------------------------
INSERT INTO `sys_user_role` VALUES (1, 1);
INSERT INTO `sys_user_role` VALUES (2, 2);
INSERT INTO `sys_user_role` VALUES (3, 2);

SET FOREIGN_KEY_CHECKS = 1;
